data	conjunto	post	hashtag
09/14/2026 19:00	tweet	POST_001	#desgaste #psicologia
09/15/2026 19:00	arte	66_viver_em_conflito	#silencio #psicologia
09/16/2026 19:00	tweet	POST_002	#escuta #psicologia
09/17/2026 19:00	arte	20_a_ferida_e_quem_feriu	#cuidar #psicologia
09/18/2026 19:00	tweet	POST_003	#sumir #psicologia
09/19/2026 19:00	arte	11_a_consciencia_organiza	#organizar #psicologia
09/20/2026 19:00	tweet	POST_004	#dor #psicologia
09/21/2026 19:00	arte	109_fui_a_minha_procura	#procurar #psicologia
09/22/2026 19:00	tweet	POST_005	#reciprocidade #psicologia
09/23/2026 19:00	arte	100_paz_e_deixar_as_pessoas_erradas	#descansar #psicologia
09/24/2026 19:00	tweet	POST_006	#desconforto #psicologia
09/25/2026 19:00	arte	09_autoconhecimento	#autoconhecimento #psicologia
09/26/2026 19:00	tweet	POST_007	#cabeca #psicologia
09/27/2026 19:00	arte	60_desaprender_o_que_disseram	#crenca #psicologia
09/28/2026 19:00	tweet	POST_008	#vontade #psicologia
09/29/2026 19:00	arte	96_o_que_e_inegociavel	#culpa #psicologia
09/30/2026 19:00	tweet	POST_009	#birra #psicologia
10/01/2026 19:00	arte	50_a_vinda_da_lucidez	#vinculo #psicologia
10/02/2026 19:00	tweet	POST_010	#silenciar #psicologia
10/03/2026 19:00	arte	75_o_barulho_ai_dentro	#incomodo #psicologia
10/04/2026 19:00	tweet	POST_011	#solidao #psicologia
10/05/2026 19:00	arte	48_caber_nao_e_encolher	#lugar #psicologia
10/06/2026 19:00	tweet	POST_012	#ciclo #psicologia
10/07/2026 19:00	arte	18_em_que_momento	#cansaco #psicologia
10/08/2026 19:00	tweet	POST_013	#recado #psicologia
10/09/2026 19:00	arte	97_um_longo_passado_pela_frente	#soltar #psicologia
10/10/2026 19:00	tweet	POST_014	#manipulacao #psicologia
10/11/2026 19:00	arte	54_desobediencia	#pedir #psicologia
10/12/2026 19:00	tweet	POST_015	#calmaria #psicologia
10/13/2026 19:00	arte	07_nao_e_e	#atualizar #psicologia
10/14/2026 19:00	tweet	POST_016	#maturidade #psicologia
10/15/2026 19:00	arte	29_o_tempo_ensina_a_confiar	#verniz #psicologia
10/16/2026 19:00	tweet	POST_017	#escolha #psicologia
10/17/2026 19:00	arte	21_a_vaga_que_voce_espera	#porta #psicologia
10/18/2026 19:00	tweet	POST_018	#nada #psicologia
10/19/2026 19:00	arte	06_carga_pesada	#peso #psicologia
10/20/2026 19:00	tweet	POST_019	#arriscar #psicologia
10/21/2026 19:00	arte	111_deixe_cicatrizar	#necessidade #psicologia
10/22/2026 19:00	tweet	POST_020	#vicio #psicologia
10/23/2026 19:00	arte	08_escolher_e_metodo	#metodo #psicologia
10/24/2026 19:00	tweet	POST_021	#medida #psicologia
10/25/2026 19:00	arte	73_o_que_nunca_foi_seu	#luto #psicologia
10/26/2026 19:00	tweet	POST_022	#saudade #psicologia
10/27/2026 19:00	arte	51_nada_e_mais_barulhento	#promessa #psicologia
10/28/2026 19:00	tweet	POST_023	#recolhimento #psicologia
10/29/2026 19:00	arte	22_quem_vai_embora_te_devolve	#ausencia #psicologia
10/30/2026 19:00	tweet	POST_024	#afastamento #psicologia
10/31/2026 19:00	arte	98_o_que_voce_pensa_que_eu_sou	#fragilidade #psicologia
11/01/2026 19:00	tweet	POST_025	#controlar #psicologia
11/02/2026 19:00	arte	05_viro_bem_sozinha	#companhia #psicologia
11/03/2026 19:00	tweet	POST_026	#permitir #psicologia
11/04/2026 19:00	arte	14_decisao_nao_tomada	#decisao #psicologia
11/05/2026 19:00	tweet	POST_027	#retribuicao #psicologia
11/06/2026 19:00	arte	69_conforto_no_caos	#caos #psicologia
11/07/2026 19:00	tweet	POST_028	#erro #psicologia
11/08/2026 19:00	arte	23_se_adaptar_demais	#adaptacao #psicologia
11/09/2026 19:00	tweet	POST_029	#aceitar #psicologia
11/10/2026 19:00	arte	04_pequeno_dicionario	#trocar #psicologia
11/11/2026 19:00	tweet	POST_030	#felicidade #psicologia
11/12/2026 19:00	arte	02_atravessar	#bagagem #psicologia
11/13/2026 19:00	tweet	POST_031	#conversa #psicologia
11/14/2026 19:00	arte	19_dar_conta_de_tudo	#produtividade #psicologia
11/15/2026 19:00	tweet	POST_032	#pausa #psicologia
11/16/2026 19:00	arte	81_o_que_julgamos_possivel	#possibilidade #psicologia
11/17/2026 19:00	tweet	POST_033	#viver #psicologia
11/18/2026 19:00	arte	13_encaixe_neurotico	#encaixe #psicologia
11/19/2026 19:00	tweet	POST_034	#encanto #psicologia
11/20/2026 19:00	arte	47_a_mais_dificil_fui_eu_mesma	#casa #psicologia
11/21/2026 19:00	tweet	POST_035	#confiar #psicologia
11/22/2026 19:00	arte	39_insisti_porque_gostei_de_voce	#gostar #psicologia
11/23/2026 19:00	tweet	POST_036	#duvida #psicologia
11/24/2026 19:00	arte	01_pessoas_mudam	#limite #psicologia
11/25/2026 19:00	tweet	POST_037	#pressa #psicologia
11/26/2026 19:00	arte	74_insistir_onde_nao_te_veem	#morada #psicologia
11/27/2026 19:00	tweet	POST_038	#namorar #psicologia
11/28/2026 19:00	arte	17_autoabandono	#abandono #psicologia
11/29/2026 19:00	tweet	POST_039	#ritmo #psicologia
11/30/2026 19:00	arte	110_segurando_uma_ancora	#certeza #psicologia
12/01/2026 19:00	tweet	POST_040	#inquietacao #psicologia
12/02/2026 19:00	arte	36_ninho_nunca_gaiola	#espaco #psicologia
12/03/2026 19:00	tweet	POST_041	#sentir #psicologia
12/04/2026 19:00	arte	34_a_devida_desimportancia	#desimportancia #psicologia
12/05/2026 19:00	tweet	POST_042	#valor #psicologia
12/06/2026 19:00	arte	59_desprecise	#acesso #psicologia
12/07/2026 19:00	tweet	POST_043	#sinais #psicologia
12/08/2026 19:00	arte	24_o_quinto_dia_util	#coragem #psicologia
12/09/2026 19:00	tweet	POST_044	#privilegio #psicologia
12/10/2026 19:00	arte	15_chao_da_infancia	#paz #psicologia
12/11/2026 19:00	tweet	POST_045	#convivencia #psicologia
12/12/2026 19:00	arte	93_nunca_o_que_o_outro_escutou	#malentendido #psicologia
— reserva —	arte	37_bem_vindo_ou_necessario	#utilidade #psicologia
— reserva —	arte	03_virar_outra	#angustia #psicologia
— reserva —	arte	45_tempestades_que_criamos	#tempestade #psicologia
— reserva —	arte	10_panorama_do_ciclo	#raiz #psicologia
— reserva —	arte	27_o_mesmo_ambiente	#distancia #psicologia
— reserva —	arte	16_medo_de_perder	#medo #psicologia
