ordem	conjunto	post	hashtag	legenda
001	arte	66_viver_em_conflito	#silencioQueViraConflito	No jantar, é comum engolir a frase que discordava só para manter o clima leve. No dia seguinte o assunto some da conversa, mas alguma coisa fica pesada no corpo, sem nome certo. ¶ Quando você guarda o que pensa para evitar um atrito, o atrito não desaparece, apenas muda de endereço, sai da mesa e entra em você. Enquanto isso, o outro segue contando sozinho a história sobre quem você é, porque ninguém apareceu para dizer o contrário. ¶ Discordar, às vezes, é a única forma de aparecer inteiro diante de alguém.
002	arte	20_a_ferida_e_quem_feriu	#cuidarDoProprioCorte	Há uma linha nítida entre quem causou o corte e quem cuida dele depois, mas as duas tarefas costumam ser confundidas por anos, como se esperar a volta da pessoa errada fizesse parte do tratamento. ¶ Não escolhemos a maioria das dores que carregamos, mas ficamos sozinhos na parte de lidar com elas, o que parece injusto porque é. Ainda assim, olhar para o próprio machucado, em vez de ficar repassando quem causou, é o único movimento que muda alguma coisa de fato. ¶ Cuidar de si não apaga o que aconteceu, só devolve a atenção para onde ela ainda pode ajudar.
003	arte	11_a_consciencia_organiza	#organizarPorDentro	Dá para passar anos organizando só a superfície da própria vida, a casa, o corpo, a agenda, sem nunca abrir a gaveta de baixo, aquela que ninguém vê quando visita. ¶ O que pesa de verdade geralmente mora num lugar que não aparece em foto, uma mágoa antiga, uma decisão adiada, uma versão de você que só existiu na sua cabeça. Amadurecer tem a ver com deixar de arrumar apenas o que se vê e começar a mexer no que sustenta tudo isso por dentro. ¶ No fim, só você sabe o tamanho real do que atravessou.
004	arte	109_fui_a_minha_procura	#foiSeProcurar	Quem aprendeu cedo a esconder o que sente às vezes precisa de um tempo, hoje, só para descobrir o que está sentindo, como quem procura um objeto que ela mesma guardou e já não lembra onde. ¶ A emoção não some só porque você para de mostrar, ela continua ali, enterrada sob camadas de controle, educação, medo de incomodar. Quando finalmente alguém pergunta como você está, a resposta demora, porque primeiro é preciso ir atrás dela. ¶ O que você enxerga lá fora costuma ser reflexo de para onde você já olhou primeiro, por dentro.
005	arte	100_paz_e_deixar_as_pessoas_erradas	#descansarDaOpiniaoAlheia	Corrigir a opinião errada que alguém formou sobre você dá um trabalho enorme, geralmente maior do que vale a pena, sobretudo quando envolve repetir a mesma explicação de novo antes de dormir. ¶ Gastar a noite tentando mudar a opinião de alguém sobre quem você é costuma custar mais do que aceitar que essa pessoa vai continuar errada, e seguir a vida mesmo assim. Tem gente que só procura você quando está sem outra opção, e servir de plano B tem gosto de disponibilidade, não de importância. ¶ Sossegar em relação à opinião alheia ainda deixa espaço de sobra para continuar se importando com quem te vê de verdade.
006	arte	09_autoconhecimento	#versaoQueSeRevisa	Autoconhecimento costuma ser tratado como uma coleção só de descobertas bonitas, fáceis de repetir para os outros. Mas entender a própria cabeça inclui perceber que você também é difícil às vezes, chato em algum ponto específico, sem que isso cancele o resto. ¶ O trabalho não termina numa frase de efeito sobre quem você é, porque essa frase muda de novo daqui a um ano, quando mais uma camada aparece. Ninguém fecha esse relatório, só vai revisando a versão anterior à luz do que aprendeu. ¶ Aceitar o que incomoda em você mesmo costuma render mais do que colecionar apenas os traços que agradam.
007	arte	60_desaprender_o_que_disseram	#crencaQueFicouDepois	Antes de qualquer descoberta boa sobre quem você é, normalmente vem uma etapa mais chata, desmontar o rótulo que colocaram em você ainda criança, aquele comentário repetido tantas vezes que virou verdade sem ninguém checar. ¶ A professora que disse que você era difícil, o comentário sobre ser sensível demais, a comparação com um irmão mais fácil de lidar, tudo isso vira material de construção antes mesmo de você escolher o que quer ser. O estrago maior raramente vem só do episódio em si, vem principalmente da crença que ficou depois dele, quieta, funcionando por trás das decisões. ¶ Desaprender isso é trabalho de anos, feito devagar, sem cerimônia.
008	arte	96_o_que_e_inegociavel	#culpaDoPrimeiroNao	A culpa tem o hábito de aparecer bem na primeira vez que você diz não, como se o corpo ainda não tivesse recebido a notícia de que aquilo também é permitido. ¶ Passar anos cedendo no que era importante ensina o entorno inteiro a esperar que você continue cedendo, e quando você para, o estranhamento é geral, inclusive seu. Sustentar um limite claro costuma afastar menos gente do que parece no início, porque quem ficava só por causa da sua flexibilidade nunca esteve ali por você de verdade. ¶ O incômodo do começo costuma ser só o corpo aprendendo um jeito novo de existir perto dos outros.
009	arte	50_a_vinda_da_lucidez	#vinculoQueAcabaPorDentro	Alguns vínculos não terminam em briga feia nem porta batendo. Terminam numa segunda-feira qualquer, sem motivo aparente, quando alguma coisa dentro de você para de acreditar naquilo do jeito que acreditava antes. ¶ Essa lucidez costuma chegar depois, nunca no auge do sofrimento, e quando chega já reorganiza o que você sente sobre a pessoa, mesmo que nada nela tenha mudado. Dá para continuar dividindo o mesmo espaço meses depois de um vínculo já ter acabado por dentro. ¶ Uma vez que essa clareza chega, ela raramente dá meia volta.
010	arte	75_o_barulho_ai_dentro	#escolherOProprioIncomodo	Ninguém atravessa a vida sem desconforto nenhum, isso praticamente não existe. O que muda de pessoa para pessoa é qual incômodo cada uma escolhe carregar, o de um emprego que não preenche ou o de recomeçar do zero depois dos trinta. ¶ Muita gente adia decisões esperando a opção sem custo nenhum, e essa opção não existe. O desconforto que você escolhe carregar diz mais sobre suas prioridades do que qualquer discurso pronto sobre autoconhecimento. ¶ Escolher o próprio incômodo já é, de certa forma, um jeito de se posicionar na vida.
011	arte	48_caber_nao_e_encolher	#lugarQueFicouPequeno	Um grupo de amigos, um emprego, até uma família podem parar de acompanhar o ritmo de quem você está virando, sem que ninguém tenha feito nada de errado no processo. ¶ Ajustar-se tanto a um lugar a ponto de ficar cada vez menor para continuar cabendo ali costuma ser confundido com pertencimento, quando na prática é só um jeito lento de desaparecer aos poucos. O desconforto que aparece depois costuma ser apenas sinal de crescimento acontecendo num espaço que não foi feito para esse tamanho novo. ¶ Sair de um lugar que ficou pequeno também pode ser, ao mesmo tempo, um jeito de continuar sendo você.
012	arte	18_em_que_momento	#cansacoDeSeAjustar	Passar a vida ajustando o volume de quem se é, mais quieto numa casa, mais engraçado em outra, cansa de um jeito difícil de explicar. ¶ Esse ajuste constante não dói de uma vez, dói aos poucos, na quantidade de vezes que você guarda uma opinião ou finge gostar de algo só para caber melhor numa mesa. Em algum momento fica difícil lembrar qual dessas versões era a original. ¶ Parar de se adaptar o tempo todo costuma abrir espaço para descobrir qual delas você realmente prefere ser.
013	arte	97_um_longo_passado_pela_frente	#soltarACordaDaBriga	Escolher sempre o mesmo tipo de pessoa, terminar do mesmo jeito, se assustar com as mesmas coisas, tudo isso pode parecer destino, mas costuma ser repetição sem edição nenhuma. ¶ Tem gente que chama isso de intuição, um radar apurado para reconhecer quem vai machucar, quando na verdade é uma marca antiga guiando a escolha de novo, disfarçada de sabedoria adquirida. A diferença entre repetir e aprender está em parar o suficiente para perceber o padrão antes de entrar nele mais uma vez. ¶ Às vezes o jeito de vencer uma disputa é simplesmente soltar a corda e sair dela.
014	arte	54_desobediencia	#pedirLicencaParaExistir	Muita mulher aprendeu cedo a pedir licença até para existir num volume mais alto, falar mais grosso, discordar em público, ocupar a cadeira central da mesa sem se desculpar depois. ¶ Ninguém nasce pedindo permissão, isso se ensina, geralmente através de pequenos gestos de reprovação repetidos por anos até virarem regra interna. Escolher a si mesma nesse contexto vira quase um ato de desobediência, porque contraria um roteiro combinado sem consultar ninguém. ¶ Trocar aprovação por autenticidade custa caro no começo, mas o preço de continuar pedindo licença é mais alto e demorado.
015	arte	07_nao_e_e	#atualizarODicionario	Amor, pressa, arrependimento, confiança são palavras usadas o dia inteiro sem que ninguém confira se a definição ainda serve para o que realmente se sente. ¶ Redefinir essas palavras dói um pouco, porque geralmente exige admitir que uma relação inteira foi sustentada em cima de um significado errado, que aquela pressa toda era medo com roupa de ocupação. Mudar o sentido de uma palavra muda também a leitura de anos inteiros de comportamento. ¶ Vale parar de vez em quando para conferir se o dicionário pessoal ainda está atualizado.
016	arte	29_o_tempo_ensina_a_confiar	#vernizInicialCaindo	Uma pressa específica costuma aparecer bem no início de qualquer vínculo novo, a vontade de já saber se vai dar certo, de pular direto para a parte da certeza e ignorar a parte de simplesmente observar. ¶ Confiança não se decreta, se constrói olhando o que a pessoa faz quando ninguém está cobrando nada dela, ao longo de tempo suficiente para o verniz inicial cair. Quem está de fato interessado usa esse tempo para se mostrar melhor a cada mês, enquanto quem não está deixa a relação envelhecer parada, sem esforço nenhum. ¶ Dar tempo ao tempo, nesse caso, é uma forma bem ativa de observar quem está mesmo ali.
017	arte	21_a_vaga_que_voce_espera	#portaQueFicaEntreaberta	Ficar de prontidão para quando a outra pessoa tiver um tempinho é um trabalho não remunerado que muita gente aceita sem perceber que aceitou. ¶ Responder rápido, estar sempre disponível, se contentar com migalhas de atenção esparsas ao longo do mês, tudo isso pode parecer proximidade, mas costuma ser a espera disfarçada de vínculo. Uma porta que fica entreaberta o tempo todo machuca mais do que uma porta fechada, porque mantém viva a esperança de que hoje seja o dia em que ela finalmente se abre de vez. ¶ Ser útil para alguém raramente garante um lugar de prioridade na vida dessa pessoa.
018	arte	06_carga_pesada	#pesoQueCarregaEmSilencio	Aguentar em silêncio virou, para muita gente, sinônimo de estar bem, o que raramente é verdade quando se olha de perto. ¶ Nem tudo que pesa precisa ficar nas suas costas para sempre, principalmente quando parte desse peso é a responsabilidade de agradar gente que nunca perguntou se você estava cansado. Há uma diferença entre força e hábito de aguentar calado, e essa diferença some quando ninguém para para respirar de verdade. ¶ Parar de vez em quando não atrasa nada, só garante que você chegue inteiro no resto do caminho.
019	arte	111_deixe_cicatrizar	#necessidadeQueNuncaFoiOuvida	Todo processo de cicatrização tem uma ordem que não aceita atalho, primeiro dói, depois esfria, só depois fecha de fato, e tentar pular etapa costuma reabrir o mesmo corte meses depois, num momento pior. ¶ Muita mulher cresceu ouvindo que era complicada demais, exigente demais, chata demais, quando na real só tinha necessidades que nunca foram atendidas por perto e precisou nomear isso sozinha, sem manual. O incômodo que empurra para fora de um lugar que já não serve costuma ser desconfortável na hora, mas funciona quase como um aviso de saúde. ¶ Sair de onde não se cabe mais raramente é elegante, mas costuma ser necessário.
020	arte	08_escolher_e_metodo	#escolherAVontadePropria	Escolher enxergar o lado que ainda dá para trabalhar numa situação difícil tem pouco a ver com fingir que está tudo bem, ainda que muita gente confunda as duas coisas na hora de julgar quem tenta seguir em frente. ¶ O hábito de se colocar em último lugar na própria lista de prioridades costuma vir de longe, e desmontar isso pede repetição diária, escolher a própria vontade primeiro numa manhã, depois na seguinte, até virar padrão. Cercar-se de gente que também escolhe você todos os dias facilita bastante esse processo. ¶ Quanto mais você confia nas próprias escolhas, menos precisa validar cada uma delas com os outros.
021	arte	73_o_que_nunca_foi_seu	#lutoSemDataCerta	Um tipo específico de luto pesa mais sobre aceitar que algo nunca existiu como se imaginava do que sobre perder algo concreto, e por isso dói sem nenhuma data marcada para lembrar. ¶ Alguns vínculos terminam oficialmente, mas continuam voltando disfarçados, numa música, num cheiro parecido, numa pessoa nova que puxa a mesma sensação antiga sem querer. Tem também uma perda que raramente entra na conta, perceber quanto tempo e energia você deixou de receber enquanto estava ocupado tentando manter aquilo vivo. ¶ Fechar essa conta exige admitir a fantasia inteira, incluindo a parte que nunca foi real.
022	arte	51_nada_e_mais_barulhento	#atosMaisAltoQuePalavras	Promessa custa pouco, sai fácil numa conversa boa, numa reconciliação emocionada, numa mensagem de madrugada cheia de intenção. O trabalho de verdade aparece depois, na repetição chata do dia a dia, quando ninguém está prestando atenção especial. ¶ Tem gente que fala bonito sobre mudança e continua fazendo exatamente igual seis meses depois, e o corpo geralmente sabe disso antes da razão admitir, porque reage mais aos atos repetidos do que às palavras usadas para descrever intenção. Julgar alguém pelo que cumpre ao longo do tempo poupa bastante decepção acumulada. ¶ Dar mais peso ao comportamento repetido do que ao discurso isolado sobre intenção costuma ser uma forma prática de se cuidar.
023	arte	22_quem_vai_embora_te_devolve	#medoDeQuemJaNaoEstava	Um medo específico não faz muito sentido lógico e ainda assim aparece, o medo de perder alguém que, na prática, nunca esteve inteiramente presente, que já ia embora aos poucos, em doses pequenas, bem antes de ir embora de vez. ¶ Quando essa pessoa finalmente sai, o que sobra costuma ser mais espaço do que falta, porque a atenção gasta tentando prender alguém volta para quem sempre esperou de fora, você mesmo. Devolver na mesma medida o que se recebe evita anos guardando um lugar para quem nunca chegou a ocupá-lo de verdade. ¶ Fechar essa conta sem drama nem rancor guardado costuma bastar para seguir em frente bem mais leve.
024	arte	98_o_que_voce_pensa_que_eu_sou	#fragilidadeQueNaoAvisa	Toda vez que alguém decide, sem perguntar, que tipo de pessoa você é, essa definição costuma revelar mais sobre quem julgou do que sobre quem foi julgado, como um espelho posicionado do jeito errado. ¶ Isso fica claro quando duas pessoas descrevem a mesma pessoa de formas completamente opostas, uma viu frieza onde a outra viu proteção, uma viu arrogância onde a outra viu cansaço acumulado. Tentar se explicar infinitamente para corrigir cada leitura equivocada é uma tarefa sem fim, porque a leitura nasce de quem olha, não só de quem é olhado. ¶ Uma fragilidade real muitas vezes não aparenta fragilidade nenhuma até o momento em que finalmente estoura.
025	arte	05_viro_bem_sozinha	#companhiaQueBastaSozinha	Convidar alguém só para preencher uma agenda vazia no sábado à noite é mais comum do que se assume, não porque aquela pessoa específica faça tanta diferença, mas porque ficar em casa sozinho ainda soa como fracasso social para muita gente. ¶ A confusão comum é tratar solidão e carência como sinônimos, quando são coisas bem diferentes, dá para estar sozinho e inteiro, e dá para estar cercado de gente e faminto por atenção o tempo todo. Quem já aprendeu a organizar a própria companhia raramente aceita qualquer presença só para preencher espaço. ¶ Estar junto só compensa quando soma alguma coisa que estar sozinho já não oferecia antes.
026	arte	14_decisao_nao_tomada	#decisaoQueFicaRondando	Uma decisão pode ficar anos rondando a cabeça sem nunca ser tomada de fato, porque parece mais seguro viver na dúvida do que encarar qualquer um dos dois resultados possíveis. ¶ Essa espera tem custo, ainda que não venha numa fatura clara, aparece em noites maldormidas, numa irritação difusa sem endereço certo, num cansaço que não combina com o tamanho real do problema. Quando alguém se afasta depois de você impor um limite necessário, isso também conta como resposta, mesmo que dolorosa. ¶ O desconforto de decidir costuma durar bem menos tempo do que o desconforto de continuar adiando.
027	arte	69_conforto_no_caos	#calmariaQueIncomoda	Uma relação calma pode causar uma inquietação estranha em quem cresceu associando amor a drama, a reconciliações intensas depois de brigas feias, a nunca saber ao certo se vai ficar tudo bem. ¶ Quando finalmente aparece alguém estável, sem jogo, sem climão, é comum sentir falta de alguma coisa, uma adrenalina qualquer, e essa falta acaba interpretada como sinal de que falta química, quando na verdade é só o corpo estranhando um roteiro diferente do que aprendeu como normal ainda na infância. ¶ Quando cada relação lembra a anterior no formato do sofrimento, isso costuma apontar para um padrão se repetindo silenciosamente, mais do que para uma sequência de azar.
028	arte	23_se_adaptar_demais	#apagadorLentoDoEu	Em algumas relações, o amor é medido pela quantidade de coisas que uma pessoa muda em si mesma para caber no gosto da outra, o horário, o jeito de se vestir, até o volume da própria opinião. ¶ Esse ajuste começa pequeno, quase imperceptível, e avança até ficar difícil lembrar quais preferências eram originalmente suas e quais foram herdadas de tanto ceder. Adaptação em excesso funciona como um apagador lento, e quem está dentro raramente percebe o próprio desaparecimento até alguém de fora comentar como mudou. ¶ Reorganizar a vida em torno de si mesmo, e não das expectativas alheias, costuma ser o primeiro passo para reverter isso.
029	arte	04_pequeno_dicionario	#trocarAsDefinicoes	Muita gente entra na terapia esperando resposta pronta e sai, meses depois, com uma coisa mais simples e mais difícil ao mesmo tempo, um vocabulário novo para nomear o que sempre sentiu sem saber descrever direito. ¶ Descanso, por exemplo, deixa de ser prêmio por bom comportamento e vira necessidade básica, igual comer. Coragem para de significar ausência de medo e passa a significar agir apesar dele. Esses ajustes de significado parecem pequenos no papel, mas mudam decisões inteiras. ¶ Trocar as definições antigas por outras mais precisas é, de certa forma, parte do próprio tratamento.
030	arte	02_atravessar	#dorNaBagagem	Dar a volta em determinado assunto, mudar de cidade, de emprego, até de círculo de amizades, é uma estratégia comum para tentar deixar um problema para trás só porque o cenário mudou. ¶ A dor que não foi encarada costuma viajar junto na bagagem, reaparece disfarçada de outro assunto, outra pessoa, outro contexto, até que alguém finalmente pare tempo suficiente para olhar de frente o que estava sendo evitado o tempo todo. Contornar cansa mais do que atravessar, só que esse cansaço é mais fácil de não perceber. ¶ Encarar direto costuma ser mais rápido do que qualquer rota alternativa inventada para adiar.
031	arte	19_dar_conta_de_tudo	#reguaQueMedeTudo	Medir o próprio valor pela quantidade de coisas resolvidas num único dia, planilha cheia, mensagens todas respondidas, casa impecável, corpo em dia, é um hábito mais comum do que se imagina. ¶ Esse jeito de funcionar costuma vir de longe, de um tempo em que ser útil parecia a única forma segura de merecer espaço. O problema aparece quando parar vira ameaça, porque uma tarde livre é lida como preguiça, e o corpo cansado é ignorado até dar um sinal mais sério. ¶ Ninguém dá conta de tudo o tempo todo, e recusar essa régua de vez em quando também é uma forma legítima de cuidar de si.
032	arte	81_o_que_julgamos_possivel	#cardapioMaiorPossivel	Muita coisa parece impossível não porque seja impossível de fato, mas porque ninguém na família tentou fazer diferente antes de você. ¶ Crescer vendo só um jeito de lidar com dinheiro, com conflito, com afeto, limita o cardápio de opções sem que ninguém perceba que existia um cardápio maior possível. Tradição de família funciona mais como um repertório específico, repetido por falta de outro à mão, do que como qualquer verdade definitiva sobre a vida. ¶ Nem todo padrão herdado precisa ser mantido só porque atravessou gerações antes de chegar até você.
033	arte	13_encaixe_neurotico	#encaixeSemEscolha	Tem gente que fica junto por puro hábito e chama isso de amor porque a rotina engana bem. Encontram-se todo dia, dividem tarefas, riem das mesmas piadas, e isso já parece prova suficiente. Só que encaixar não é a mesma coisa que escolher, e dá pra passar anos numa relação no automático sem nunca ter sido desejo de verdade. ¶ A culpa também ajuda a sustentar isso. Sair parece um ato de crueldade quando na cabeça de alguém ainda pesa o tanto que o outro precisa, o tanto que dói recomeçar. Fica-se então pelo medo de causar dano, não pela vontade de continuar ali.
034	arte	47_a_mais_dificil_fui_eu_mesma	#casaQueSouEu	Tem gente fácil de convencer, de agradar, de trazer para perto. O difícil sempre foi virar para dentro e sustentar o próprio olhar sem fugir dele. Anos se vão tentando ser interessante para os outros antes de perguntar se a própria companhia é suportável. ¶ Conhecer a si mesmo funciona mais como manutenção do que como exercício de vaidade. É abrir os cômodos que ficaram fechados por conveniência e limpar o que dá trabalho olhar. Uma casa não se torna acolhedora sozinha, alguém precisa morar nela de verdade, prestar atenção nas rachaduras e decidir ficar mesmo assim.
035	arte	39_insisti_porque_gostei_de_voce	#gostarMaisDeMim	Ficar tem uma lógica simples enquanto o afeto é maior que o desconforto. O problema começa quando esse desconforto vira rotina e a pessoa percebe que está se editando o tempo todo só para caber ali. Fala mais baixo, ri menos, guarda opinião, e chama isso de paciência. ¶ Sair, nesse caso, costuma ser o primeiro gesto de cuidado consigo depois de muito tempo cuidando só do outro, mesmo que de fora pareça desistência. Existe um limite entre amar alguém e amar mais quem você se torna do lado dessa pessoa, e é esse segundo amor que decide se vale a pena ficar.
036	arte	01_pessoas_mudam	#limiteDoAlcance	Passa-se um bom tempo tentando adivinhar quem alguém vai se tornar, montando na cabeça uma versão melhorada da pessoa que está na sua frente. Aí o tempo mostra que ninguém está em obra permanente para agradar as expectativas de quem observa de fora, e a decepção que vem depois é sempre proporcional ao tamanho do que se inventou. ¶ Também não dá para forçar alguém a te escolher com mais frequência do que essa pessoa escolhe. O que resta é decidir, caso a caso, o quanto de cuidado ainda faz sentido oferecer, e até onde deixar que cheguem perto.
037	arte	74_insistir_onde_nao_te_veem	#casaInteiraOuNada	Tem relação que se sustenta na espera de ser enxergado por alguém que só mostra um cômodo da própria vida, sempre a mesma sala, nunca a casa inteira. E a pessoa vai se acostumando a viver desse pouco, achando que insistência é prova de amor, quando às vezes é só medo de ficar sem nada. ¶ Sarar antes de seguir importa porque toda ferida aberta acaba descontando em quem está por perto, mesmo quem nunca fez por onde. Não é justo cobrar de alguém novo a conta que ficou pendente com quem já foi embora.
038	arte	17_autoabandono	#abandonoDeSiMesmo	Tem um jeito de amar que vai cortando pedaço por pedaço de quem você era antes, sempre em nome da paz, sempre por um bem maior que nunca chega. Compreender demais o outro também entra nessa conta, porque tem gente que usa a própria capacidade de entender para justificar tudo que deveria incomodar. ¶ Chega uma hora em que o corpo cobra essa ausência de si mesmo. A saída geralmente começa em parar de se ausentar da própria vida para caber melhor na vida de alguém, e isso não depende de o outro mudar primeiro.
039	arte	110_segurando_uma_ancora	#certezaQuePesa	Tem gente extremamente competente para explicar o mundo e completamente perdida quando o assunto é a própria vida. Sabe argumentar qualquer teoria, prever qualquer cenário, e trava na frente do espelho porque ali a certeza não ajuda. ¶ Isso costuma acontecer com quem nunca aprendeu a conviver com a dúvida sem se desesperar. Toda certeza vira uma âncora pesada demais para carregar, e por mais firme que ela pareça, ainda assim atrapalha o passo de quem só queria seguir andando.
040	arte	36_ninho_nunca_gaiola	#espacoParaExistir	Tem casal que mede o tamanho do amor pela quantidade de perguntas que faz, pela vigilância disfarçada de interesse, pelo tanto que sabe da agenda do outro. E confunde isso com cuidado, quando às vezes é só controle com roupa de zelo. ¶ Amar de verdade costuma parecer menos ocupado do que isso. É deixar que a outra pessoa tenha vida própria fora da relação, opinião que discorda, tempo que não presta contas, e ainda assim continuar escolhendo estar perto. Sobra espaço para respirar, sobra confiança para não precisar checar.
041	arte	34_a_devida_desimportancia	#desimportanciaLeve	Boa parte do desgaste do dia vem de levar para o lado pessoal coisas que não têm dono. O trânsito não é contra você, o silêncio de alguém não é sobre você, o mau humor do colega também não pertence a você. Mesmo assim a cabeça insiste em se colocar no centro de qualquer cena. ¶ Olhar para os outros com mais calma costuma render mais do que julgar rápido. Aquilo que incomoda tanto numa pessoa geralmente aponta para um traço que você também carrega e prefere não encarar de perto. Dá menos trabalho corrigir o que está ao seu alcance do que revisar a vida alheia.
042	arte	59_desprecise	#acessoNegado	Tem vínculo que só aparece quando está precisando de alguma coisa. Some nas fases boas, some quando dá tudo certo, e volta correndo assim que a vida aperta de novo, como se fosse natural contar com alguém que nunca contou de verdade com você. ¶ Aceitar a desculpa não obriga a devolver o mesmo acesso de antes. Dá para reconhecer o esforço de quem pede perdão e ainda assim manter a porta só entreaberta, sem culpa por preservar o que sobrou de paciência depois de tanta vez sendo procurado só por conveniência.
043	arte	24_o_quinto_dia_util	#coragemDeFrustrar	Cresce-se ouvindo que boa educação é nunca incomodar ninguém, e isso rende gente adulta que sente culpa até de discordar em voz alta. O corpo aguenta um tempo fazendo esse malabarismo de agradar todo mundo, depois cobra a conta em forma de cansaço que não tem explicação médica. ¶ Dizer não sem se explicar longamente costuma bastar. O limite não pede aprovação de ninguém para existir, só pede a coragem de sustentar o incômodo que vem logo depois de pronunciado, e a liberdade de fato só começa quando frustrar alguém deixa de ser a pior coisa do mundo.
044	arte	15_chao_da_infancia	#pazQueAssusta	Tem gente que sente estranheza diante de uma relação calma, sem gritos nem climas pesados, como se aquilo fosse suspeito demais para ser real. É que o corpo aprendeu cedo a reconhecer amor pela intensidade do caos, e paz vira sinônimo de desconfiança em vez de sinônimo de descanso. ¶ Desconfiar dessa desconfiança costuma ajudar, porque familiaridade é só um hábito antigo do corpo, não uma garantia de qualidade. A criança que você foi continua na plateia torcendo para que dessa vez você escolha ficar onde é tranquilo, mesmo sem o drama que ela aprendeu a chamar de amor.
045	arte	93_nunca_o_que_o_outro_escutou	#oQueOOutroOuviu	Uma mesma frase sai da boca de um jeito e chega no outro de um jeito completamente diferente, filtrada por tudo que essa pessoa já viveu antes de te conhecer. Dá para escolher cada palavra com cuidado e ainda assim ser mal compreendido, porque quem escuta também está traduzindo, não só recebendo. ¶ Isso não anula a responsabilidade de falar com clareza, mas ajuda a aliviar a culpa quando o recado não chega como planejado. Cada pessoa enxerga a partir de onde está parada, e ninguém consegue ocupar dois lugares ao mesmo tempo para conferir a cena inteira.
046	arte	37_bem_vindo_ou_necessario	#utilNaoEAmada	Tem um teste simples e pouco confortável para medir o tamanho real de um vínculo. Basta parar de fazer o que sempre fez e ver quem continua por perto. Tem gente que só ficava porque você resolvia, cobria, adiantava, e sem essa função sobra pouco motivo para a companhia continuar. ¶ Isso costuma doer porque muita gente troca utilidade por afeto sem perceber, indo além do que aguenta na esperança de ser amado por isso. Ser procurado o tempo todo diz mais sobre utilidade do que sobre afeto, e vale a pena separar as duas coisas antes de se sentir amado por engano.
047	arte	03_virar_outra	#angustiaAntesDoAlivio	Muita mudança começa não porque a pessoa quis, mas porque a vida parou de dar outra opção. Vem um aperto, uma perda, um limite que estourou, e de repente é preciso deixar de ser quem se era só para continuar de pé. ¶ O estranho é que essa transformação costuma doer mais do que alivia no começo, porque hábito velho é território conhecido mesmo quando machuca. Muda-se a pessoa antes de conseguir mudar a situação, e só depois, olhando para trás, é que dá para perguntar se valia a pena ter continuado apostando em alguém que nunca ia mesmo mudar.
048	arte	45_tempestades_que_criamos	#tempestadeInventada	Tem gente que passa o fim de semana inteiro ensaiando uma briga que ainda nem aconteceu, imaginando toda fala do outro lado e já respondendo mentalmente com raiva de um crime que só existe na cabeça. Gasta-se energia real numa tempestade inteiramente inventada. ¶ Enquanto isso, o momento que estava realmente acontecendo passa batido, porque toda atenção foi consumida por um medo do que talvez nem chegue a existir. Tentar controlar o incontrolável costuma custar justamente aquilo que já estava garantido e disponível para ser vivido.
049	arte	10_panorama_do_ciclo	#raizIntacta	Repetir o mesmo erro de relação em relação incomoda, mas costuma carregar uma informação valiosa, porque mostra com precisão o ponto exato em que alguém parou de crescer numa área da vida. Isso pesa menos como azar e mais como um padrão esperando ser reconhecido. ¶ Dá para experimentar caminhos novos sem precisar romper tudo que já dava certo antes. Uma raiz que continua firme aguenta bem a distância e ainda floresce de novo depois, porque nenhum recomeço de verdade exige apagar tudo que veio antes, só ajustar a direção.
050	arte	27_o_mesmo_ambiente	#distanciaComoCuidado	Tem gente que tenta se recuperar de um esgotamento emocional sem mudar nada ao redor, voltando todo dia para o mesmo lugar, as mesmas pessoas, o mesmo tipo de exigência que adoeceu antes. É pedir para o corpo se curar dentro da própria causa do problema. ¶ Às vezes cuidar de si é simplesmente sair de cena por um tempo, mesmo que isso pareça frieza para quem fica. Manter distância de certos ambientes costuma ser a forma mais honesta de parar de alimentar aquilo que estava adoecendo todo mundo envolvido.
051	arte	16_medo_de_perder	#medoDosDoisLados	Tem gente que não aceita um convite bom, não topa uma proposta melhor, não muda de cidade nem de emprego só porque prefere o risco conhecido ao ganho incerto. O medo de perder o pouco impede de sequer tentar o muito. ¶ O curioso é que esse mesmo medo que evita fracasso também bloqueia a vitória, porque os dois exigem o mesmo tipo de exposição. Fica-se então numa espécie de meio-termo seguro, sem perder muito mas também sem ganhar quase nada, gastando o presente inteiro vigiando um futuro que talvez nunca chegue a doer.
001	tweet	POST_001	#sentidosOpostos	Desgaste é aquela sensação de ter gastado energia numa conversa que nunca ia sair do lugar, porque as duas pessoas falavam línguas diferentes com as mesmas palavras. Uma tentava argumentar, insistir, provar, enquanto a outra já tinha decidido não se mover daquele ponto de vista. ¶ Tem um alívio específico em parar de tentar isso, mais parecido com reconhecer que duas pessoas podem andar lado a lado e ainda seguir em sentidos opostos do que com indiferença. Forçar entendimento onde não há disposição só consome o fôlego que podia ir para outro lugar.
002	tweet	POST_002	#escutaDevagar	Tem um tipo de atenção que substitui presença por checklist. Pergunta como foi o dia, recebe um foi bom e considera a conversa cumprida, sem espaço para o relato inteiro, para o detalhe torto que ia explicar tudo. Escutar de verdade dá mais trabalho que perguntar por obrigação. ¶ O mesmo vale para dentro de casa. Dá para malhar, comer direito, tomar toda vitamina do mundo e ainda assim ignorar o que se passa por dentro, porque saúde também é essa escuta mais lenta, a que presta atenção no cansaço que o corpo não explica sozinho.
003	tweet	POST_003	#sumirParaSeAchar	Tem despedida que não parece despedida na hora, é só um até logo comum, um abraço qualquer numa manhã qualquer, e só depois fica claro que aquela foi a última vez. A vida raramente avisa quando está fechando um ciclo. ¶ Também tem vontade de sumir que costuma ser menos sobre desistir de tudo e mais sobre se afastar do barulho tempo suficiente para se ouvir de novo. Esse desejo de desaparecer, antes de virar alarme, muitas vezes é apenas um jeito estranho de se procurar.
004	tweet	POST_004	#doiMasEuEscolhi	Tem dor que a pessoa escolheu atravessar mesmo sabendo o preço, porque a alternativa de não escolher nada doía ainda mais. Isso não some com o tempo, mas muda de lugar na história, deixa de ser tragédia e vira apenas capítulo. ¶ Boa parte do peso de uma situação difícil está menos no fato em si e mais no jeito como ele é contado para si mesmo. A mesma cena pode ser lida como fim de tudo ou como o momento em que alguma coisa precisou quebrar para dar lugar a outra forma de viver.
005	tweet	POST_005	#vinculoQueNaoRetribui	Trocar de companhia tem menos a ver com traição e mais com parar de sustentar sozinho um vínculo que já não devolve o mesmo tanto que recebe. Dá para manter quem você é inteiro e ainda perceber que aquele grupo, aquele emprego, aquela relação parou de retribuir. ¶ Gostar das próprias escolhas ajuda a enxergar isso com menos medo, porque diminui a dependência de aprovação alheia para se sentir no caminho certo. Quem não sabe se comunicar direito costuma confundir qualquer divergência com ataque, e aí a reciprocidade vira campo minado em vez de troca simples.
006	tweet	POST_006	#desconfortoQueMuda	Tem gente que mantém uma versão bem editada dos próprios motivos, uma explicação confortável para continuar dentro da mesma confusão de sempre. Facilita a vida de curto prazo, adia o trabalho de encarar o que realmente pesa. ¶ Mudança de verdade não vem com certeza anexada. Vem pedindo para sustentar um tempo de desconforto sem saber exatamente como vai ser o próximo passo, arriscando antes de ter garantia, confiando num processo que só faz sentido depois de atravessado, nunca antes.
007	tweet	POST_007	#cabecaDepoisDaVontade	Amadurecer tem um lado bem menos poético do que parece nas frases motivacionais. É perceber que aquela fome de atenção de anos atrás dava mais trabalho do que prazer, e trocar isso por cuidar da própria cabeça e do próprio corpo, mesmo que fique mais quieto por fora. ¶ Também é aprender a esperar o juízo alcançar a vontade, porque agir primeiro e pensar depois combina mais com adolescência do que com a vida que se quer ter daqui pra frente. Certos apelidos que antes doíam viram, com o tempo, elogio disfarçado.
008	tweet	POST_008	#irMesmoSemVontade	Constância não depende de vontade disponível todo santo dia, porque ela simplesmente não aparece sempre. Depende de ir mesmo nos dias em que o corpo pede para ficar parado, tratando motivação como bônus eventual, nunca como condição para agir. ¶ Isso fica mais fácil quando se aceita que a pessoa no trabalho, a pessoa em casa e a pessoa sozinha não precisam ser idênticas o tempo todo. Também ajuda soltar a pergunta do porquê alguém fez o que fez, já que a resposta geralmente mora dentro da história dessa pessoa, não da sua.
009	tweet	POST_009	#birraDeAdulto	Tem uma vontade específica de largar tudo, sentar no chão e fazer birra feito criança, só que sem a licença que a infância dava para isso. É o cansaço de segurar a versão adulta o tempo inteiro, resolvendo, decidindo, se sustentando sozinho. ¶ Antes de sair atrás de um relacionamento novo, talvez a urgência maior seja cuidar dessa cabeça cansada, procurar ajuda de verdade em vez de procurar companhia para distrair o sintoma. Nenhum namoro resolve o que só descanso e cuidado conseguem tratar.
010	tweet	POST_010	#pazDeQuem	Ficar calado foi ensinado como sinônimo de boa convivência, uma forma de evitar briga e manter tudo em ordem. Só que sempre tem alguém pagando o preço desse silêncio, e nem sempre é a pessoa que decidiu se calar. ¶ Com o tempo fica mais fácil perceber que discordar não é sempre grosseria, e que julgar uma dor que você não viveu é fácil demais para valer alguma coisa. Poupar energia de discussão inútil também é maturidade, desde que o silêncio escolhido não vire, de novo, um jeito de desaparecer.
011	tweet	POST_011	#solidaoADois	Cura não chega de uma vez, chega em pedaços que às vezes nem parecem progresso. Tem fases inteiras em que parece que nada mudou, que o esforço não está rendendo, e é justamente aí que a maior parte do trabalho está sendo feita, por baixo do que dá para ver. ¶ Tem uma solidão mais pesada do que estar sozinho, que é estar ao lado de alguém e ainda assim não ser alcançado por essa pessoa. Curar exige paciência com o processo e também com quem está ao seu lado nele, mas tem solidão que nenhuma companhia resolve.
012	tweet	POST_012	#cicloQueTermina	Boa parte do desencontro em uma relação vem de duas pessoas gastando energias diferentes, uma tentando amar do jeito que sabe, a outra tentando apenas ser vista, sem que nenhuma das duas perceba que fala outra língua. ¶ Também tem a surpresa de descobrir, de repente, que aquilo que fazia sentido durante anos parou de fazer. Isso costuma soar como traição ou ingratidão, mas é só o ciclo terminando sem avisar, deixando a tarefa de aceitar que continuar ali seria fingir que nada mudou.
013	tweet	POST_013	#recadoSemPalavras	Tem um tipo de maturidade que começa quando a pessoa para de explicar a própria vida para quem só está curioso, não interessado. Deixa que pensem o que quiserem, guarda o relato para quem realmente acompanha o dia a dia, não só o resultado final. ¶ Também aprende a ler um recado sem precisar que seja dito em voz alta. Quem quer se aproxima, procura, aparece sem ser cobrado, e quando isso não acontece, insistir só gasta um tempo e uma paciência que dava para ter usado em outro lugar, com quem já demonstrou querer estar por perto.
014	tweet	POST_014	#medoDaSolidao	Ficar mais tempo do que devia num lugar quase sempre custa mais caro do que sair na primeira vez que a vontade avisou. O medo de ficar sozinho faz muita gente aceitar qualquer companhia como se isso fosse prova de que não está perdido, mesmo quando essa companhia machuca mais do que ajuda. ¶ A saída raramente é dramática. É perceber, aos poucos, que ficar não é neutro, tem preço, e que esse preço sobe a cada estação que passa sem você descer.
015	tweet	POST_015	#calmariaEscolhida	Reparar em como alguém te trata costuma dizer mais do que confiar no que você sente por essa pessoa, porque o sentimento se apega antes de entender o que está recebendo de volta. Dá pra gostar bastante de alguém que oferece pouco, e ainda assim errar o alvo se usar só esse gostar como bússola. ¶ Pedir calmaria, depois de um tempo de tempestade, revela alguém que já aprendeu o que consegue sustentar todos os dias sem se cansar.
016	tweet	POST_016	#distanciaMadura	Afastar-se sem discutir é uma forma de maturidade que quase não aparece de fora, porque não tem cena, não tem última palavra, só o espaço que alguém deixa de ocupar aos poucos. Por dentro, muda a posição inteira, mesmo que a convivência continue igual por fora por mais um tempo. ¶ O outro lado dessa mesma maturidade é aceitar que toda pessoa carrega um traço que incomoda, inclusive você. Sustentar um vínculo é decidir, todo dia, que esse incômodo específico ainda vale a pena.
017	tweet	POST_017	#escolhaQueDoi	Tem gente que passa anos tentando provar que merece ser escolhida, como se atenção fosse algo que se conquista insistindo depois que a resposta já veio. Interesse não se negocia, ele aparece ou não aparece, e usar esforço pra convencer alguém a sentir o que ainda não sente custa mais do que qualquer solidão temporária. ¶ Sair, nesses casos, costuma ser a parte mais difícil e também a mais honesta, porque ficar esperando um sim que não chega também tem seu preço, e a vida segue andando enquanto isso.
018	tweet	POST_018	#nadaPorAcaso	Recomeçar a gostar da vida depois que ela desmoronou não acontece por sorte, acontece porque alguém decide, aos poucos, prestar atenção de novo nas coisas pequenas que ainda funcionam. Isso vale também pra quem a gente escolhe amar, porque identificação não é acidente, ela sempre aponta pra alguma coisa que já estava ali dentro, procurando espelho. ¶ A gente passa boa parte da vida tentando separar o que sente do porquê sente, como se entender o motivo fosse diminuir o sentimento. Entender só deixa mais nítido o que já estava acontecendo, escolhido bem antes de qualquer explicação chegar.
019	tweet	POST_019	#arriscarAfeto	Não existe garantia em afeto, só disposição pra apostar mesmo sabendo que pode não dar certo. Quem evita se envolver até acertar todas as variáveis antes costuma trocar a possibilidade de um vínculo real por uma segurança que não existe em nenhuma relação, nem nas mais antigas. ¶ Viajar, sair da rotina, ver outro jeito de viver ajuda a lembrar que a vida sempre foi maior do que a bolha em que a gente se acostuma a morar. O risco de amar é parecido, só dá pra medir depois, vivendo por dentro dele.
020	tweet	POST_020	#vicioDoSilencio	O silêncio tem um efeito estranho depois que você se acostuma com ele, vicia, mas de um jeito bom, que ensina o que é ter paz sem precisar se explicar pra ninguém. Quem passa por essa fase continua com vontade de conviver, mas fica com pouca paciência pra conviver com qualquer coisa. ¶ Depois disso, uma presença só se justifica se trouxer mais descanso do que trabalho. Qualquer companhia que exija mais energia do que devolve para de fazer sentido, por mais familiar que ela seja.
021	tweet	POST_021	#medidaCerta	Uma frase batida sobre aceitar pouco pode começar falando de comida e terminar revelando um padrão inteiro, porque quem se acostuma a pedir de menos numa mesa costuma pedir de menos em tudo o mais, sem perceber que virou hábito. ¶ Bondade também precisa de medida. Oferecer atenção, tempo e paciência sem limite claro ensina o outro a tratar isso como algo garantido, disponível o tempo todo, e algo tratado como garantido raramente é cuidado com o respeito que merecia.
022	tweet	POST_022	#saudadeDeMigalha	Ouvir que alguém é muito madura pra idade raramente é elogio puro, muitas vezes é a marca de uma infância que precisou aprender sozinha a segurar coisas que criança nenhuma deveria carregar. Essa maturidade cedo demais cobra conta depois, geralmente em forma de dificuldade de pedir ajuda quando ela é necessária. ¶ Sentir falta de uma relação instável costuma ser sentir falta das poucas migalhas boas que vinham misturadas ao caos, não da relação inteira. Impor limite, nesse caso, é sobretudo parar de confundir fome com fartura, sem que isso precise ser lido como frieza por ninguém.
023	tweet	POST_023	#precisoSumir	Sumir por uns dias, não responder mensagem, desligar o modo alerta por um tempo, isso também é uma forma de cuidado que nenhuma rotina de bem-estar costuma listar. Cuidar da saúde inclui comer direito e treinar, mas também inclui saber quando o corpo precisa de silêncio pra voltar a funcionar direito. ¶ Ser várias coisas ao mesmo tempo, intensa e calma, quente e distante, costuma ser apenas a forma como uma pessoa complexa funciona quando ainda não tentou caber num rótulo só.
024	tweet	POST_024	#lutoDoAfastamento	O afastamento de alguém costuma doer em fases parecidas com luto, só que sem enterro nem data marcada pra melhorar. Continua existindo vontade de contar uma bobagem, de dividir uma notícia, e a pessoa que sumiu simplesmente não está mais lá pra receber isso, até que o corpo aprenda a guardar essas vontades pra outro lugar. ¶ Cuidar de si nesse meio tempo não exige acertar tudo. Um hábito pequeno sustentado por dias comuns já segura mais do que qualquer tentativa de resolver a vida inteira de uma vez.
025	tweet	POST_025	#controlarAReacao	Boa parte do que incomoda no dia a dia está fora de alcance, mas a forma de reagir a isso continua sendo escolha, mesmo quando não parece. Investir energia em controlar o que já passou da sua mão só garante cansaço extra, sem resolver nada a mais. ¶ Uma vida equilibrada não depende só de estar bem acompanhado, depende de cuidar da saúde, das finanças e da própria cabeça, coisas que ninguém mais vai administrar por você. Quando essa base existe, ficar sozinho por um tempo vira só mais um jeito possível de estar, sem o peso de desamparo que costuma vir junto.
026	tweet	POST_026	#permitirPerder	Esperar ser escolhida é um jeito cansativo de viver, porque coloca a vida inteira na dependência da decisão de outra pessoa. Permitir que alguém se afaste, sem correr atrás pra reverter isso, costuma abrir mais espaço do que perder parece indicar de cara. ¶ Com o tempo, até a forma de sentir atração muda. A euforia dos primeiros encontros vai dando lugar a uma atenção mais seca aos detalhes, tipo notar cedo quem cuida e quem só promete, o que rende menos poesia e mais informação útil.
027	tweet	POST_027	#retribuicaoJusta	Retribuir na mesma moeda costuma soar frio, mas funciona nos dois sentidos, porque quem recebe atenção de verdade aprende a devolver, e quem recebe indiferença também aprende, só que aprende a esperar cada vez menos de qualquer vínculo. ¶ Tem um tipo de criança que cresce sendo elogiada por nunca dar trabalho, por resolver tudo sozinha, por nunca pedir colo demais. O preço costuma aparecer mais tarde, na dificuldade de pedir ajuda sem se sentir um incômodo pra alguém, mesmo quando pedir é exatamente o que a situação pede.
028	tweet	POST_028	#medoDeErrar	Quando alguém melhora por um tempo e depois volta a repetir o mesmo machucado de sempre, essa melhora funcionou apenas como isca pra puxar de volta, sem virar mudança de verdade. Mudança de verdade se sustenta mesmo sem plateia, sem a pessoa que ia embora estar ali olhando pra decidir se vale a pena continuar. ¶ Depois de uma certa idade, o medo muda de forma, deixando de ser sobre ficar sozinha e passando a ser sobre escolher errado outra vez, gastando tempo que já não sobra tanto assim num ciclo conhecido demais.
029	tweet	POST_029	#aceitarFamiliaridade	O corpo confunde fácil atração com familiaridade, reconhecendo um padrão já visto antes e chamando isso de conexão, mesmo quando não passa de repetição. Aceitar alguém por ser conveniente, ou por acreditar que aquilo é o máximo que se consegue, entra nessa mesma conta, mesmo sem ninguém admitir isso em voz alta. ¶ Não conseguir o que se quer costuma redirecionar pra onde é realmente preciso estar, mesmo que aceitar essa mudança de rota doa no começo. Fechar um ciclo raramente combina com o que a vontade pedia na hora.
030	tweet	POST_030	#felicidadeAdiada	Colocar a felicidade pra depois de uma meta específica é um dos planos mais frágeis que existem, porque a meta seguinte já está esperando na fila assim que a primeira for cumprida. Quem promete ser feliz só quando ganhar mais ou terminar a faculdade geralmente descobre, ao chegar lá, que o alívio dura pouco e o adiamento recomeça. ¶ Cuidar da cabeça virou algo mais acessível nos últimos anos, sem precisar esperar uma crise grande pra procurar ajuda. Poder nomear o que incomoda logo no começo muda o tamanho do problema antes que ele cresça demais.
031	tweet	POST_031	#blindarSemEndurecer	Conversar sobre dinheiro, filhos, religião, história de família e expectativa financeira antes de qualquer compromisso grande evita muito mal-entendido depois, quando a rotina já engoliu o casal inteiro. Adiar esse tipo de conversa não poupa ninguém de nada, só empurra o desconforto pra uma fase em que ele custa mais caro. ¶ Um psiquiatra antigo dizia que não dá pra impedir os urubus de sobrevoar a própria cabeça, mas dá pra impedir que pousem. Se blindar, nesse sentido, significa escolher com cuidado quem se aproxima, sem precisar deixar de sentir pra se proteger.
032	tweet	POST_032	#silencioNecessario	Nem todo dia pede a mesma energia. Tem dia que dá pra sair pro mundo inteiro e tem dia em que a única meta possível é ficar quieta, sem precisar justificar o motivo pra ninguém. ¶ Correr atrás de atenção costuma cansar mais do que cuidar da própria vida de um jeito que atraia o que faz sentido sem esforço. Às vezes esse cuidado é literalmente isso, comprar um doce, apagar o celular e desaparecer por um fim de semana inteiro, sem culpa nenhuma no meio.
033	tweet	POST_033	#viverMesmoTriste	O humor raramente avisa quando vai melhorar por conta própria, então esperar se sentir bem pra fazer as coisas costuma significar esperar pra sempre. Sair de casa triste, ir a um lugar novo ansiosa, aceitar um convite desanimada ainda conta como viver, só que numa versão mais realista dele. ¶ Falar abertamente o que se sente, sem editar pra parecer mais fácil de lidar, costuma atrair mais do que qualquer estratégia calculada de parecer interessante. Gente honesta sobre o próprio estado dá menos trabalho de decifrar.
034	tweet	POST_034	#belezaRevelada	Alguém pode encantar nos primeiros minutos e ir perdendo brilho conforme a conversa avança, do mesmo jeito que outra pessoa pode crescer de beleza bem devagar, à medida que revela camadas de quem realmente é. Simpatia chama atenção rápido, mas o que sustenta depois costuma vir de outro lugar, mais lento de perceber. ¶ O que torna a convivência boa, no fim, é encontrar quem funciona como um lugar de descanso, alguém perto de quem dá pra existir sem precisar se encolher pra caber.
035	tweet	POST_035	#confiarNoTempo	Ninguém sabe se o amanhã vai chegar do mesmo jeito pra quem a gente ama, e por isso faz sentido dizer agora o que importa, em vez de guardar pra uma ocasião mais adequada que pode nunca vir. Afeto declarado tem uma função prática, não é só sentimentalismo. ¶ O tempo também resolve sozinho boa parte do que parece impossível hoje, inclusive coisas que davam errado na hora e que, vistas depois, abriram espaço pra algo melhor. Gastar esse mesmo tempo respondendo a quem só quer te tirar do sério é a única parte dele que realmente se perde.
036	tweet	POST_036	#tateandoResposta	Por mais firme que alguém pareça de fora, há uma verdade meio incômoda e meio aliviadora por trás disso, a de que ninguém realmente chega lá. A pessoa mais segura que você conhece ainda está tateando por resposta, só que com mais prática em disfarçar a dúvida na frente dos outros. ¶ Isso muda o peso de exigir maturidade constante de alguém, inclusive de você mesma. E talvez seja por isso que observar alguém existindo no mundo, do jeito bagunçado que toda existência tem, vira um privilégio tão grande, porque essa pessoa também está inventando o próprio caminho enquanto caminha.
037	tweet	POST_037	#pressaDeConquistar	Pressa de chegar em algum lugar costuma apagar o brilho do percurso, porque toda a atenção vai pro resultado e nenhuma sobra pro processo que, no fim, é a maior parte da história de qualquer conquista. Anunciar antes da hora também faz parte dessa pressa, como se falar em voz alta apressasse o que ainda depende de tempo. ¶ Ter inveja da vida de alguém sem saber que batalha essa pessoa atravessou pra chegar ali é comparação incompleta por definição. Quem inveja o resultado raramente pediria pra trocar de lugar sabendo o preço todo que veio junto.
038	tweet	POST_038	#namorarRealidade	Se apaixonar pelo que uma pessoa poderia ser é um jeito eficiente de ficar decepcionada, porque quem se ama de verdade precisa ser a versão real, com atraso, contradição e tudo o que ainda não virou o que prometeu virar. Potencial não paga conta nem sustenta relação nenhuma sozinho. ¶ Quando um lugar que antes era confortável para de parecer certo, geralmente o ciclo ali já terminou antes de qualquer decisão consciente. Isso vale pra emprego, amizade e relacionamento, o desconforto costuma chegar primeiro que a clareza do motivo.
039	tweet	POST_039	#ritmoDoAfeto	Metade dos problemas de relação nascem do mesmo desencontro de ritmo, o sim que sai rápido demais antes de pensar direito e o não que demora tempo demais depois que já devia ter sido dito. Os dois custam caro, só que em momentos diferentes. ¶ Ouvir alguém contar uma história sem interromper, mesmo quando ela se perde em detalhe e demora mais do que precisava, também é uma forma de respeitar esse ritmo. Anunciar um sentimento grande demais pra algo que combinou ser pequeno costuma confundir mais do que sentir rápido em si.
040	tweet	POST_040	#desconfortoQueMove	Desconforto costuma chegar antes de qualquer mudança boa, como um aviso de que o formato atual já não serve mais, mesmo sem apontar ainda qual é o próximo passo certo. Ignorar esse sinal só adia o momento inevitável de mudar mesmo assim. ¶ Uma mensagem simples dizendo que alguém gostou de um momento junto pesa mais do que parece, porque reconhecimento pequeno sustenta vínculo tanto quanto gesto grande. E mudar de plano no meio do caminho está liberado, às vezes porque algo deu errado, às vezes só porque quem decide já não é mais a mesma pessoa de antes.
041	tweet	POST_041	#medoDeSentir	Parecer fria virou, pra muita gente, sinônimo de estar acima de tudo, quando na prática costuma ser só medo de mostrar o que realmente sente e ser vista por inteiro. Fingir desinteresse exige energia, e essa energia toda vira couraça em vez de virar vínculo. ¶ Respeito e paciência costumam funcionar como abertura de conversa, o resto da relação segue o padrão que essa abertura estabeleceu. Quem recebe indiferença tende a devolver indiferença, e quem recebe cuidado de verdade geralmente aprende a devolver isso também, sem forçar.
042	tweet	POST_042	#valorInegociavel	Ser visto de verdade, sem edição, ainda é um dos maiores desejos que existem numa relação, mais do que ser admirada de longe por uma versão editada de si mesma. Isso exige coragem dos dois lados, porque ver de verdade também significa aceitar partes menos confortáveis do outro. ¶ A beleza inicial segura a atenção por pouco tempo, o resto precisa ser construído com substância, interesse por coisas, boas ações, respeito pelo outro. Caráter, honestidade e compromisso continuam sendo os únicos itens dessa lista que ninguém deveria negociar por medo de ficar sozinha.
043	tweet	POST_043	#temperoForcado	Ler sinal em tudo é uma forma de tentar controlar o que ainda não fez sentido nenhum, e às vezes o mais honesto é aceitar que uma coisa simplesmente não deu liga, sem procurar mensagem escondida em cada detalhe. Insistir em temperar o que não pega gosto só cansa mais do que ajuda. ¶ Aceitar e seguir em frente não exige esquecer, porque esquecer raramente é possível mesmo. Dá pra carregar a lembrança e, ainda assim, escolher outro caminho, sem tratar isso como contradição.
044	tweet	POST_044	#privilegioSilencioso	Relacionamento ideal, emprego ideal, vida ideal, nada disso existe pronto esperando alguém encontrar o caminho certo de primeira. O que existe é uma pessoa analisando, errando, ajustando o próprio comportamento aos poucos, aprendendo na prática a hora de ficar e a hora de sair. ¶ Tem privilégio que passa despercebido por ser silencioso demais, morar perto do trabalho, ter vizinho tranquilo, tomar café sem pressa de manhã, dormir com a consciência leve. Coisa boa em geral demora pra acontecer, e quando finalmente chega costuma vir bem mais inteira do que se tivesse sido apressada.
045	tweet	POST_045	#larComoFrequencia	Existe uma separação estranha entre amar alguém e ainda gostar de conviver com essa pessoa, e perceber essa distância dentro de uma mesma relação costuma ser mais perturbador do que o fim completo do sentimento. As duas coisas podem se desencontrar sem que nenhuma delas desapareça de vez. ¶ Forçar vínculo onde a energia não circula direito raramente muda esse quadro. Faz mais sentido investir tempo onde a presença é bem recebida, no tipo de acolhimento que faz alguém se sentir em casa mesmo longe de casa.
