ordem	conjunto	post	slides	urls
001	arte	66_viver_em_conflito	3	https://gabriel20angelo-web.github.io/umrabisco-imagens/arte/66_viver_em_conflito/01.jpg	https://gabriel20angelo-web.github.io/umrabisco-imagens/arte/66_viver_em_conflito/02.jpg	https://gabriel20angelo-web.github.io/umrabisco-imagens/arte/66_viver_em_conflito/03.jpg
002	arte	20_a_ferida_e_quem_feriu	5	https://gabriel20angelo-web.github.io/umrabisco-imagens/arte/20_a_ferida_e_quem_feriu/01.jpg	https://gabriel20angelo-web.github.io/umrabisco-imagens/arte/20_a_ferida_e_quem_feriu/02.jpg	https://gabriel20angelo-web.github.io/umrabisco-imagens/arte/20_a_ferida_e_quem_feriu/03.jpg	https://gabriel20angelo-web.github.io/umrabisco-imagens/arte/20_a_ferida_e_quem_feriu/04.jpg	https://gabriel20angelo-web.github.io/umrabisco-imagens/arte/20_a_ferida_e_quem_feriu/05.jpg
003	arte	11_a_consciencia_organiza	5	https://gabriel20angelo-web.github.io/umrabisco-imagens/arte/11_a_consciencia_organiza/01.jpg	https://gabriel20angelo-web.github.io/umrabisco-imagens/arte/11_a_consciencia_organiza/02.jpg	https://gabriel20angelo-web.github.io/umrabisco-imagens/arte/11_a_consciencia_organiza/03.jpg	https://gabriel20angelo-web.github.io/umrabisco-imagens/arte/11_a_consciencia_organiza/04.jpg	https://gabriel20angelo-web.github.io/umrabisco-imagens/arte/11_a_consciencia_organiza/05.jpg
004	arte	109_fui_a_minha_procura	4	https://gabriel20angelo-web.github.io/umrabisco-imagens/arte/109_fui_a_minha_procura/01.jpg	https://gabriel20angelo-web.github.io/umrabisco-imagens/arte/109_fui_a_minha_procura/02.jpg	https://gabriel20angelo-web.github.io/umrabisco-imagens/arte/109_fui_a_minha_procura/03.jpg	https://gabriel20angelo-web.github.io/umrabisco-imagens/arte/109_fui_a_minha_procura/04.jpg
005	arte	100_paz_e_deixar_as_pessoas_erradas	3	https://gabriel20angelo-web.github.io/umrabisco-imagens/arte/100_paz_e_deixar_as_pessoas_erradas/01.jpg	https://gabriel20angelo-web.github.io/umrabisco-imagens/arte/100_paz_e_deixar_as_pessoas_erradas/02.jpg	https://gabriel20angelo-web.github.io/umrabisco-imagens/arte/100_paz_e_deixar_as_pessoas_erradas/03.jpg
006	arte	09_autoconhecimento	7	https://gabriel20angelo-web.github.io/umrabisco-imagens/arte/09_autoconhecimento/01.jpg	https://gabriel20angelo-web.github.io/umrabisco-imagens/arte/09_autoconhecimento/02.jpg	https://gabriel20angelo-web.github.io/umrabisco-imagens/arte/09_autoconhecimento/03.jpg	https://gabriel20angelo-web.github.io/umrabisco-imagens/arte/09_autoconhecimento/04.jpg	https://gabriel20angelo-web.github.io/umrabisco-imagens/arte/09_autoconhecimento/05.jpg	https://gabriel20angelo-web.github.io/umrabisco-imagens/arte/09_autoconhecimento/06.jpg	https://gabriel20angelo-web.github.io/umrabisco-imagens/arte/09_autoconhecimento/07.jpg
007	arte	60_desaprender_o_que_disseram	3	https://gabriel20angelo-web.github.io/umrabisco-imagens/arte/60_desaprender_o_que_disseram/01.jpg	https://gabriel20angelo-web.github.io/umrabisco-imagens/arte/60_desaprender_o_que_disseram/02.jpg	https://gabriel20angelo-web.github.io/umrabisco-imagens/arte/60_desaprender_o_que_disseram/03.jpg
008	arte	96_o_que_e_inegociavel	4	https://gabriel20angelo-web.github.io/umrabisco-imagens/arte/96_o_que_e_inegociavel/01.jpg	https://gabriel20angelo-web.github.io/umrabisco-imagens/arte/96_o_que_e_inegociavel/02.jpg	https://gabriel20angelo-web.github.io/umrabisco-imagens/arte/96_o_que_e_inegociavel/03.jpg	https://gabriel20angelo-web.github.io/umrabisco-imagens/arte/96_o_que_e_inegociavel/04.jpg
009	arte	50_a_vinda_da_lucidez	4	https://gabriel20angelo-web.github.io/umrabisco-imagens/arte/50_a_vinda_da_lucidez/01.jpg	https://gabriel20angelo-web.github.io/umrabisco-imagens/arte/50_a_vinda_da_lucidez/02.jpg	https://gabriel20angelo-web.github.io/umrabisco-imagens/arte/50_a_vinda_da_lucidez/03.jpg	https://gabriel20angelo-web.github.io/umrabisco-imagens/arte/50_a_vinda_da_lucidez/04.jpg
010	arte	75_o_barulho_ai_dentro	4	https://gabriel20angelo-web.github.io/umrabisco-imagens/arte/75_o_barulho_ai_dentro/01.jpg	https://gabriel20angelo-web.github.io/umrabisco-imagens/arte/75_o_barulho_ai_dentro/02.jpg	https://gabriel20angelo-web.github.io/umrabisco-imagens/arte/75_o_barulho_ai_dentro/03.jpg	https://gabriel20angelo-web.github.io/umrabisco-imagens/arte/75_o_barulho_ai_dentro/04.jpg
011	arte	48_caber_nao_e_encolher	3	https://gabriel20angelo-web.github.io/umrabisco-imagens/arte/48_caber_nao_e_encolher/01.jpg	https://gabriel20angelo-web.github.io/umrabisco-imagens/arte/48_caber_nao_e_encolher/02.jpg	https://gabriel20angelo-web.github.io/umrabisco-imagens/arte/48_caber_nao_e_encolher/03.jpg
012	arte	18_em_que_momento	4	https://gabriel20angelo-web.github.io/umrabisco-imagens/arte/18_em_que_momento/01.jpg	https://gabriel20angelo-web.github.io/umrabisco-imagens/arte/18_em_que_momento/02.jpg	https://gabriel20angelo-web.github.io/umrabisco-imagens/arte/18_em_que_momento/03.jpg	https://gabriel20angelo-web.github.io/umrabisco-imagens/arte/18_em_que_momento/04.jpg
013	arte	97_um_longo_passado_pela_frente	4	https://gabriel20angelo-web.github.io/umrabisco-imagens/arte/97_um_longo_passado_pela_frente/01.jpg	https://gabriel20angelo-web.github.io/umrabisco-imagens/arte/97_um_longo_passado_pela_frente/02.jpg	https://gabriel20angelo-web.github.io/umrabisco-imagens/arte/97_um_longo_passado_pela_frente/03.jpg	https://gabriel20angelo-web.github.io/umrabisco-imagens/arte/97_um_longo_passado_pela_frente/04.jpg
014	arte	54_desobediencia	4	https://gabriel20angelo-web.github.io/umrabisco-imagens/arte/54_desobediencia/01.jpg	https://gabriel20angelo-web.github.io/umrabisco-imagens/arte/54_desobediencia/02.jpg	https://gabriel20angelo-web.github.io/umrabisco-imagens/arte/54_desobediencia/03.jpg	https://gabriel20angelo-web.github.io/umrabisco-imagens/arte/54_desobediencia/04.jpg
015	arte	07_nao_e_e	7	https://gabriel20angelo-web.github.io/umrabisco-imagens/arte/07_nao_e_e/01.jpg	https://gabriel20angelo-web.github.io/umrabisco-imagens/arte/07_nao_e_e/02.jpg	https://gabriel20angelo-web.github.io/umrabisco-imagens/arte/07_nao_e_e/03.jpg	https://gabriel20angelo-web.github.io/umrabisco-imagens/arte/07_nao_e_e/04.jpg	https://gabriel20angelo-web.github.io/umrabisco-imagens/arte/07_nao_e_e/05.jpg	https://gabriel20angelo-web.github.io/umrabisco-imagens/arte/07_nao_e_e/06.jpg	https://gabriel20angelo-web.github.io/umrabisco-imagens/arte/07_nao_e_e/07.jpg
016	arte	29_o_tempo_ensina_a_confiar	3	https://gabriel20angelo-web.github.io/umrabisco-imagens/arte/29_o_tempo_ensina_a_confiar/01.jpg	https://gabriel20angelo-web.github.io/umrabisco-imagens/arte/29_o_tempo_ensina_a_confiar/02.jpg	https://gabriel20angelo-web.github.io/umrabisco-imagens/arte/29_o_tempo_ensina_a_confiar/03.jpg
017	arte	21_a_vaga_que_voce_espera	5	https://gabriel20angelo-web.github.io/umrabisco-imagens/arte/21_a_vaga_que_voce_espera/01.jpg	https://gabriel20angelo-web.github.io/umrabisco-imagens/arte/21_a_vaga_que_voce_espera/02.jpg	https://gabriel20angelo-web.github.io/umrabisco-imagens/arte/21_a_vaga_que_voce_espera/03.jpg	https://gabriel20angelo-web.github.io/umrabisco-imagens/arte/21_a_vaga_que_voce_espera/04.jpg	https://gabriel20angelo-web.github.io/umrabisco-imagens/arte/21_a_vaga_que_voce_espera/05.jpg
018	arte	06_carga_pesada	6	https://gabriel20angelo-web.github.io/umrabisco-imagens/arte/06_carga_pesada/01.jpg	https://gabriel20angelo-web.github.io/umrabisco-imagens/arte/06_carga_pesada/02.jpg	https://gabriel20angelo-web.github.io/umrabisco-imagens/arte/06_carga_pesada/03.jpg	https://gabriel20angelo-web.github.io/umrabisco-imagens/arte/06_carga_pesada/04.jpg	https://gabriel20angelo-web.github.io/umrabisco-imagens/arte/06_carga_pesada/05.jpg	https://gabriel20angelo-web.github.io/umrabisco-imagens/arte/06_carga_pesada/06.jpg
019	arte	111_deixe_cicatrizar	4	https://gabriel20angelo-web.github.io/umrabisco-imagens/arte/111_deixe_cicatrizar/01.jpg	https://gabriel20angelo-web.github.io/umrabisco-imagens/arte/111_deixe_cicatrizar/02.jpg	https://gabriel20angelo-web.github.io/umrabisco-imagens/arte/111_deixe_cicatrizar/03.jpg	https://gabriel20angelo-web.github.io/umrabisco-imagens/arte/111_deixe_cicatrizar/04.jpg
020	arte	08_escolher_e_metodo	7	https://gabriel20angelo-web.github.io/umrabisco-imagens/arte/08_escolher_e_metodo/01.jpg	https://gabriel20angelo-web.github.io/umrabisco-imagens/arte/08_escolher_e_metodo/02.jpg	https://gabriel20angelo-web.github.io/umrabisco-imagens/arte/08_escolher_e_metodo/03.jpg	https://gabriel20angelo-web.github.io/umrabisco-imagens/arte/08_escolher_e_metodo/04.jpg	https://gabriel20angelo-web.github.io/umrabisco-imagens/arte/08_escolher_e_metodo/05.jpg	https://gabriel20angelo-web.github.io/umrabisco-imagens/arte/08_escolher_e_metodo/06.jpg	https://gabriel20angelo-web.github.io/umrabisco-imagens/arte/08_escolher_e_metodo/07.jpg
021	arte	73_o_que_nunca_foi_seu	4	https://gabriel20angelo-web.github.io/umrabisco-imagens/arte/73_o_que_nunca_foi_seu/01.jpg	https://gabriel20angelo-web.github.io/umrabisco-imagens/arte/73_o_que_nunca_foi_seu/02.jpg	https://gabriel20angelo-web.github.io/umrabisco-imagens/arte/73_o_que_nunca_foi_seu/03.jpg	https://gabriel20angelo-web.github.io/umrabisco-imagens/arte/73_o_que_nunca_foi_seu/04.jpg
022	arte	51_nada_e_mais_barulhento	3	https://gabriel20angelo-web.github.io/umrabisco-imagens/arte/51_nada_e_mais_barulhento/01.jpg	https://gabriel20angelo-web.github.io/umrabisco-imagens/arte/51_nada_e_mais_barulhento/02.jpg	https://gabriel20angelo-web.github.io/umrabisco-imagens/arte/51_nada_e_mais_barulhento/03.jpg
023	arte	22_quem_vai_embora_te_devolve	5	https://gabriel20angelo-web.github.io/umrabisco-imagens/arte/22_quem_vai_embora_te_devolve/01.jpg	https://gabriel20angelo-web.github.io/umrabisco-imagens/arte/22_quem_vai_embora_te_devolve/02.jpg	https://gabriel20angelo-web.github.io/umrabisco-imagens/arte/22_quem_vai_embora_te_devolve/03.jpg	https://gabriel20angelo-web.github.io/umrabisco-imagens/arte/22_quem_vai_embora_te_devolve/04.jpg	https://gabriel20angelo-web.github.io/umrabisco-imagens/arte/22_quem_vai_embora_te_devolve/05.jpg
024	arte	98_o_que_voce_pensa_que_eu_sou	4	https://gabriel20angelo-web.github.io/umrabisco-imagens/arte/98_o_que_voce_pensa_que_eu_sou/01.jpg	https://gabriel20angelo-web.github.io/umrabisco-imagens/arte/98_o_que_voce_pensa_que_eu_sou/02.jpg	https://gabriel20angelo-web.github.io/umrabisco-imagens/arte/98_o_que_voce_pensa_que_eu_sou/03.jpg	https://gabriel20angelo-web.github.io/umrabisco-imagens/arte/98_o_que_voce_pensa_que_eu_sou/04.jpg
025	arte	05_viro_bem_sozinha	7	https://gabriel20angelo-web.github.io/umrabisco-imagens/arte/05_viro_bem_sozinha/01.jpg	https://gabriel20angelo-web.github.io/umrabisco-imagens/arte/05_viro_bem_sozinha/02.jpg	https://gabriel20angelo-web.github.io/umrabisco-imagens/arte/05_viro_bem_sozinha/03.jpg	https://gabriel20angelo-web.github.io/umrabisco-imagens/arte/05_viro_bem_sozinha/04.jpg	https://gabriel20angelo-web.github.io/umrabisco-imagens/arte/05_viro_bem_sozinha/05.jpg	https://gabriel20angelo-web.github.io/umrabisco-imagens/arte/05_viro_bem_sozinha/06.jpg	https://gabriel20angelo-web.github.io/umrabisco-imagens/arte/05_viro_bem_sozinha/07.jpg
026	arte	14_decisao_nao_tomada	4	https://gabriel20angelo-web.github.io/umrabisco-imagens/arte/14_decisao_nao_tomada/01.jpg	https://gabriel20angelo-web.github.io/umrabisco-imagens/arte/14_decisao_nao_tomada/02.jpg	https://gabriel20angelo-web.github.io/umrabisco-imagens/arte/14_decisao_nao_tomada/03.jpg	https://gabriel20angelo-web.github.io/umrabisco-imagens/arte/14_decisao_nao_tomada/04.jpg
027	arte	69_conforto_no_caos	3	https://gabriel20angelo-web.github.io/umrabisco-imagens/arte/69_conforto_no_caos/01.jpg	https://gabriel20angelo-web.github.io/umrabisco-imagens/arte/69_conforto_no_caos/02.jpg	https://gabriel20angelo-web.github.io/umrabisco-imagens/arte/69_conforto_no_caos/03.jpg
028	arte	23_se_adaptar_demais	4	https://gabriel20angelo-web.github.io/umrabisco-imagens/arte/23_se_adaptar_demais/01.jpg	https://gabriel20angelo-web.github.io/umrabisco-imagens/arte/23_se_adaptar_demais/02.jpg	https://gabriel20angelo-web.github.io/umrabisco-imagens/arte/23_se_adaptar_demais/03.jpg	https://gabriel20angelo-web.github.io/umrabisco-imagens/arte/23_se_adaptar_demais/04.jpg
029	arte	04_pequeno_dicionario	7	https://gabriel20angelo-web.github.io/umrabisco-imagens/arte/04_pequeno_dicionario/01.jpg	https://gabriel20angelo-web.github.io/umrabisco-imagens/arte/04_pequeno_dicionario/02.jpg	https://gabriel20angelo-web.github.io/umrabisco-imagens/arte/04_pequeno_dicionario/03.jpg	https://gabriel20angelo-web.github.io/umrabisco-imagens/arte/04_pequeno_dicionario/04.jpg	https://gabriel20angelo-web.github.io/umrabisco-imagens/arte/04_pequeno_dicionario/05.jpg	https://gabriel20angelo-web.github.io/umrabisco-imagens/arte/04_pequeno_dicionario/06.jpg	https://gabriel20angelo-web.github.io/umrabisco-imagens/arte/04_pequeno_dicionario/07.jpg
030	arte	02_atravessar	3	https://gabriel20angelo-web.github.io/umrabisco-imagens/arte/02_atravessar/01.jpg	https://gabriel20angelo-web.github.io/umrabisco-imagens/arte/02_atravessar/02.jpg	https://gabriel20angelo-web.github.io/umrabisco-imagens/arte/02_atravessar/03.jpg
031	arte	19_dar_conta_de_tudo	5	https://gabriel20angelo-web.github.io/umrabisco-imagens/arte/19_dar_conta_de_tudo/01.jpg	https://gabriel20angelo-web.github.io/umrabisco-imagens/arte/19_dar_conta_de_tudo/02.jpg	https://gabriel20angelo-web.github.io/umrabisco-imagens/arte/19_dar_conta_de_tudo/03.jpg	https://gabriel20angelo-web.github.io/umrabisco-imagens/arte/19_dar_conta_de_tudo/04.jpg	https://gabriel20angelo-web.github.io/umrabisco-imagens/arte/19_dar_conta_de_tudo/05.jpg
032	arte	81_o_que_julgamos_possivel	3	https://gabriel20angelo-web.github.io/umrabisco-imagens/arte/81_o_que_julgamos_possivel/01.jpg	https://gabriel20angelo-web.github.io/umrabisco-imagens/arte/81_o_que_julgamos_possivel/02.jpg	https://gabriel20angelo-web.github.io/umrabisco-imagens/arte/81_o_que_julgamos_possivel/03.jpg
033	arte	13_encaixe_neurotico	4	https://gabriel20angelo-web.github.io/umrabisco-imagens/arte/13_encaixe_neurotico/01.jpg	https://gabriel20angelo-web.github.io/umrabisco-imagens/arte/13_encaixe_neurotico/02.jpg	https://gabriel20angelo-web.github.io/umrabisco-imagens/arte/13_encaixe_neurotico/03.jpg	https://gabriel20angelo-web.github.io/umrabisco-imagens/arte/13_encaixe_neurotico/04.jpg
034	arte	47_a_mais_dificil_fui_eu_mesma	4	https://gabriel20angelo-web.github.io/umrabisco-imagens/arte/47_a_mais_dificil_fui_eu_mesma/01.jpg	https://gabriel20angelo-web.github.io/umrabisco-imagens/arte/47_a_mais_dificil_fui_eu_mesma/02.jpg	https://gabriel20angelo-web.github.io/umrabisco-imagens/arte/47_a_mais_dificil_fui_eu_mesma/03.jpg	https://gabriel20angelo-web.github.io/umrabisco-imagens/arte/47_a_mais_dificil_fui_eu_mesma/04.jpg
035	arte	39_insisti_porque_gostei_de_voce	3	https://gabriel20angelo-web.github.io/umrabisco-imagens/arte/39_insisti_porque_gostei_de_voce/01.jpg	https://gabriel20angelo-web.github.io/umrabisco-imagens/arte/39_insisti_porque_gostei_de_voce/02.jpg	https://gabriel20angelo-web.github.io/umrabisco-imagens/arte/39_insisti_porque_gostei_de_voce/03.jpg
036	arte	01_pessoas_mudam	8	https://gabriel20angelo-web.github.io/umrabisco-imagens/arte/01_pessoas_mudam/01.jpg	https://gabriel20angelo-web.github.io/umrabisco-imagens/arte/01_pessoas_mudam/02.jpg	https://gabriel20angelo-web.github.io/umrabisco-imagens/arte/01_pessoas_mudam/03.jpg	https://gabriel20angelo-web.github.io/umrabisco-imagens/arte/01_pessoas_mudam/04.jpg	https://gabriel20angelo-web.github.io/umrabisco-imagens/arte/01_pessoas_mudam/05.jpg	https://gabriel20angelo-web.github.io/umrabisco-imagens/arte/01_pessoas_mudam/06.jpg	https://gabriel20angelo-web.github.io/umrabisco-imagens/arte/01_pessoas_mudam/07.jpg	https://gabriel20angelo-web.github.io/umrabisco-imagens/arte/01_pessoas_mudam/08.jpg
037	arte	74_insistir_onde_nao_te_veem	4	https://gabriel20angelo-web.github.io/umrabisco-imagens/arte/74_insistir_onde_nao_te_veem/01.jpg	https://gabriel20angelo-web.github.io/umrabisco-imagens/arte/74_insistir_onde_nao_te_veem/02.jpg	https://gabriel20angelo-web.github.io/umrabisco-imagens/arte/74_insistir_onde_nao_te_veem/03.jpg	https://gabriel20angelo-web.github.io/umrabisco-imagens/arte/74_insistir_onde_nao_te_veem/04.jpg
038	arte	17_autoabandono	5	https://gabriel20angelo-web.github.io/umrabisco-imagens/arte/17_autoabandono/01.jpg	https://gabriel20angelo-web.github.io/umrabisco-imagens/arte/17_autoabandono/02.jpg	https://gabriel20angelo-web.github.io/umrabisco-imagens/arte/17_autoabandono/03.jpg	https://gabriel20angelo-web.github.io/umrabisco-imagens/arte/17_autoabandono/04.jpg	https://gabriel20angelo-web.github.io/umrabisco-imagens/arte/17_autoabandono/05.jpg
039	arte	110_segurando_uma_ancora	4	https://gabriel20angelo-web.github.io/umrabisco-imagens/arte/110_segurando_uma_ancora/01.jpg	https://gabriel20angelo-web.github.io/umrabisco-imagens/arte/110_segurando_uma_ancora/02.jpg	https://gabriel20angelo-web.github.io/umrabisco-imagens/arte/110_segurando_uma_ancora/03.jpg	https://gabriel20angelo-web.github.io/umrabisco-imagens/arte/110_segurando_uma_ancora/04.jpg
040	arte	36_ninho_nunca_gaiola	2	https://gabriel20angelo-web.github.io/umrabisco-imagens/arte/36_ninho_nunca_gaiola/01.jpg	https://gabriel20angelo-web.github.io/umrabisco-imagens/arte/36_ninho_nunca_gaiola/02.jpg
041	arte	34_a_devida_desimportancia	4	https://gabriel20angelo-web.github.io/umrabisco-imagens/arte/34_a_devida_desimportancia/01.jpg	https://gabriel20angelo-web.github.io/umrabisco-imagens/arte/34_a_devida_desimportancia/02.jpg	https://gabriel20angelo-web.github.io/umrabisco-imagens/arte/34_a_devida_desimportancia/03.jpg	https://gabriel20angelo-web.github.io/umrabisco-imagens/arte/34_a_devida_desimportancia/04.jpg
042	arte	59_desprecise	3	https://gabriel20angelo-web.github.io/umrabisco-imagens/arte/59_desprecise/01.jpg	https://gabriel20angelo-web.github.io/umrabisco-imagens/arte/59_desprecise/02.jpg	https://gabriel20angelo-web.github.io/umrabisco-imagens/arte/59_desprecise/03.jpg
043	arte	24_o_quinto_dia_util	5	https://gabriel20angelo-web.github.io/umrabisco-imagens/arte/24_o_quinto_dia_util/01.jpg	https://gabriel20angelo-web.github.io/umrabisco-imagens/arte/24_o_quinto_dia_util/02.jpg	https://gabriel20angelo-web.github.io/umrabisco-imagens/arte/24_o_quinto_dia_util/03.jpg	https://gabriel20angelo-web.github.io/umrabisco-imagens/arte/24_o_quinto_dia_util/04.jpg	https://gabriel20angelo-web.github.io/umrabisco-imagens/arte/24_o_quinto_dia_util/05.jpg
044	arte	15_chao_da_infancia	4	https://gabriel20angelo-web.github.io/umrabisco-imagens/arte/15_chao_da_infancia/01.jpg	https://gabriel20angelo-web.github.io/umrabisco-imagens/arte/15_chao_da_infancia/02.jpg	https://gabriel20angelo-web.github.io/umrabisco-imagens/arte/15_chao_da_infancia/03.jpg	https://gabriel20angelo-web.github.io/umrabisco-imagens/arte/15_chao_da_infancia/04.jpg
045	arte	93_nunca_o_que_o_outro_escutou	3	https://gabriel20angelo-web.github.io/umrabisco-imagens/arte/93_nunca_o_que_o_outro_escutou/01.jpg	https://gabriel20angelo-web.github.io/umrabisco-imagens/arte/93_nunca_o_que_o_outro_escutou/02.jpg	https://gabriel20angelo-web.github.io/umrabisco-imagens/arte/93_nunca_o_que_o_outro_escutou/03.jpg
046	arte	37_bem_vindo_ou_necessario	4	https://gabriel20angelo-web.github.io/umrabisco-imagens/arte/37_bem_vindo_ou_necessario/01.jpg	https://gabriel20angelo-web.github.io/umrabisco-imagens/arte/37_bem_vindo_ou_necessario/02.jpg	https://gabriel20angelo-web.github.io/umrabisco-imagens/arte/37_bem_vindo_ou_necessario/03.jpg	https://gabriel20angelo-web.github.io/umrabisco-imagens/arte/37_bem_vindo_ou_necessario/04.jpg
047	arte	03_virar_outra	7	https://gabriel20angelo-web.github.io/umrabisco-imagens/arte/03_virar_outra/01.jpg	https://gabriel20angelo-web.github.io/umrabisco-imagens/arte/03_virar_outra/02.jpg	https://gabriel20angelo-web.github.io/umrabisco-imagens/arte/03_virar_outra/03.jpg	https://gabriel20angelo-web.github.io/umrabisco-imagens/arte/03_virar_outra/04.jpg	https://gabriel20angelo-web.github.io/umrabisco-imagens/arte/03_virar_outra/05.jpg	https://gabriel20angelo-web.github.io/umrabisco-imagens/arte/03_virar_outra/06.jpg	https://gabriel20angelo-web.github.io/umrabisco-imagens/arte/03_virar_outra/07.jpg
048	arte	45_tempestades_que_criamos	4	https://gabriel20angelo-web.github.io/umrabisco-imagens/arte/45_tempestades_que_criamos/01.jpg	https://gabriel20angelo-web.github.io/umrabisco-imagens/arte/45_tempestades_que_criamos/02.jpg	https://gabriel20angelo-web.github.io/umrabisco-imagens/arte/45_tempestades_que_criamos/03.jpg	https://gabriel20angelo-web.github.io/umrabisco-imagens/arte/45_tempestades_que_criamos/04.jpg
049	arte	10_panorama_do_ciclo	6	https://gabriel20angelo-web.github.io/umrabisco-imagens/arte/10_panorama_do_ciclo/01.jpg	https://gabriel20angelo-web.github.io/umrabisco-imagens/arte/10_panorama_do_ciclo/02.jpg	https://gabriel20angelo-web.github.io/umrabisco-imagens/arte/10_panorama_do_ciclo/03.jpg	https://gabriel20angelo-web.github.io/umrabisco-imagens/arte/10_panorama_do_ciclo/04.jpg	https://gabriel20angelo-web.github.io/umrabisco-imagens/arte/10_panorama_do_ciclo/05.jpg	https://gabriel20angelo-web.github.io/umrabisco-imagens/arte/10_panorama_do_ciclo/06.jpg
050	arte	27_o_mesmo_ambiente	4	https://gabriel20angelo-web.github.io/umrabisco-imagens/arte/27_o_mesmo_ambiente/01.jpg	https://gabriel20angelo-web.github.io/umrabisco-imagens/arte/27_o_mesmo_ambiente/02.jpg	https://gabriel20angelo-web.github.io/umrabisco-imagens/arte/27_o_mesmo_ambiente/03.jpg	https://gabriel20angelo-web.github.io/umrabisco-imagens/arte/27_o_mesmo_ambiente/04.jpg
051	arte	16_medo_de_perder	4	https://gabriel20angelo-web.github.io/umrabisco-imagens/arte/16_medo_de_perder/01.jpg	https://gabriel20angelo-web.github.io/umrabisco-imagens/arte/16_medo_de_perder/02.jpg	https://gabriel20angelo-web.github.io/umrabisco-imagens/arte/16_medo_de_perder/03.jpg	https://gabriel20angelo-web.github.io/umrabisco-imagens/arte/16_medo_de_perder/04.jpg
001	tweet	POST_001	4	https://gabriel20angelo-web.github.io/umrabisco-imagens/tweets/POST_001/01.jpg	https://gabriel20angelo-web.github.io/umrabisco-imagens/tweets/POST_001/02.jpg	https://gabriel20angelo-web.github.io/umrabisco-imagens/tweets/POST_001/03.jpg	https://gabriel20angelo-web.github.io/umrabisco-imagens/tweets/POST_001/04.jpg
002	tweet	POST_002	4	https://gabriel20angelo-web.github.io/umrabisco-imagens/tweets/POST_002/01.jpg	https://gabriel20angelo-web.github.io/umrabisco-imagens/tweets/POST_002/02.jpg	https://gabriel20angelo-web.github.io/umrabisco-imagens/tweets/POST_002/03.jpg	https://gabriel20angelo-web.github.io/umrabisco-imagens/tweets/POST_002/04.jpg
003	tweet	POST_003	4	https://gabriel20angelo-web.github.io/umrabisco-imagens/tweets/POST_003/01.jpg	https://gabriel20angelo-web.github.io/umrabisco-imagens/tweets/POST_003/02.jpg	https://gabriel20angelo-web.github.io/umrabisco-imagens/tweets/POST_003/03.jpg	https://gabriel20angelo-web.github.io/umrabisco-imagens/tweets/POST_003/04.jpg
004	tweet	POST_004	4	https://gabriel20angelo-web.github.io/umrabisco-imagens/tweets/POST_004/01.jpg	https://gabriel20angelo-web.github.io/umrabisco-imagens/tweets/POST_004/02.jpg	https://gabriel20angelo-web.github.io/umrabisco-imagens/tweets/POST_004/03.jpg	https://gabriel20angelo-web.github.io/umrabisco-imagens/tweets/POST_004/04.jpg
005	tweet	POST_005	4	https://gabriel20angelo-web.github.io/umrabisco-imagens/tweets/POST_005/01.jpg	https://gabriel20angelo-web.github.io/umrabisco-imagens/tweets/POST_005/02.jpg	https://gabriel20angelo-web.github.io/umrabisco-imagens/tweets/POST_005/03.jpg	https://gabriel20angelo-web.github.io/umrabisco-imagens/tweets/POST_005/04.jpg
006	tweet	POST_006	4	https://gabriel20angelo-web.github.io/umrabisco-imagens/tweets/POST_006/01.jpg	https://gabriel20angelo-web.github.io/umrabisco-imagens/tweets/POST_006/02.jpg	https://gabriel20angelo-web.github.io/umrabisco-imagens/tweets/POST_006/03.jpg	https://gabriel20angelo-web.github.io/umrabisco-imagens/tweets/POST_006/04.jpg
007	tweet	POST_007	4	https://gabriel20angelo-web.github.io/umrabisco-imagens/tweets/POST_007/01.jpg	https://gabriel20angelo-web.github.io/umrabisco-imagens/tweets/POST_007/02.jpg	https://gabriel20angelo-web.github.io/umrabisco-imagens/tweets/POST_007/03.jpg	https://gabriel20angelo-web.github.io/umrabisco-imagens/tweets/POST_007/04.jpg
008	tweet	POST_008	4	https://gabriel20angelo-web.github.io/umrabisco-imagens/tweets/POST_008/01.jpg	https://gabriel20angelo-web.github.io/umrabisco-imagens/tweets/POST_008/02.jpg	https://gabriel20angelo-web.github.io/umrabisco-imagens/tweets/POST_008/03.jpg	https://gabriel20angelo-web.github.io/umrabisco-imagens/tweets/POST_008/04.jpg
009	tweet	POST_009	4	https://gabriel20angelo-web.github.io/umrabisco-imagens/tweets/POST_009/01.jpg	https://gabriel20angelo-web.github.io/umrabisco-imagens/tweets/POST_009/02.jpg	https://gabriel20angelo-web.github.io/umrabisco-imagens/tweets/POST_009/03.jpg	https://gabriel20angelo-web.github.io/umrabisco-imagens/tweets/POST_009/04.jpg
010	tweet	POST_010	4	https://gabriel20angelo-web.github.io/umrabisco-imagens/tweets/POST_010/01.jpg	https://gabriel20angelo-web.github.io/umrabisco-imagens/tweets/POST_010/02.jpg	https://gabriel20angelo-web.github.io/umrabisco-imagens/tweets/POST_010/03.jpg	https://gabriel20angelo-web.github.io/umrabisco-imagens/tweets/POST_010/04.jpg
011	tweet	POST_011	4	https://gabriel20angelo-web.github.io/umrabisco-imagens/tweets/POST_011/01.jpg	https://gabriel20angelo-web.github.io/umrabisco-imagens/tweets/POST_011/02.jpg	https://gabriel20angelo-web.github.io/umrabisco-imagens/tweets/POST_011/03.jpg	https://gabriel20angelo-web.github.io/umrabisco-imagens/tweets/POST_011/04.jpg
012	tweet	POST_012	4	https://gabriel20angelo-web.github.io/umrabisco-imagens/tweets/POST_012/01.jpg	https://gabriel20angelo-web.github.io/umrabisco-imagens/tweets/POST_012/02.jpg	https://gabriel20angelo-web.github.io/umrabisco-imagens/tweets/POST_012/03.jpg	https://gabriel20angelo-web.github.io/umrabisco-imagens/tweets/POST_012/04.jpg
013	tweet	POST_013	4	https://gabriel20angelo-web.github.io/umrabisco-imagens/tweets/POST_013/01.jpg	https://gabriel20angelo-web.github.io/umrabisco-imagens/tweets/POST_013/02.jpg	https://gabriel20angelo-web.github.io/umrabisco-imagens/tweets/POST_013/03.jpg	https://gabriel20angelo-web.github.io/umrabisco-imagens/tweets/POST_013/04.jpg
014	tweet	POST_014	4	https://gabriel20angelo-web.github.io/umrabisco-imagens/tweets/POST_014/01.jpg	https://gabriel20angelo-web.github.io/umrabisco-imagens/tweets/POST_014/02.jpg	https://gabriel20angelo-web.github.io/umrabisco-imagens/tweets/POST_014/03.jpg	https://gabriel20angelo-web.github.io/umrabisco-imagens/tweets/POST_014/04.jpg
015	tweet	POST_015	4	https://gabriel20angelo-web.github.io/umrabisco-imagens/tweets/POST_015/01.jpg	https://gabriel20angelo-web.github.io/umrabisco-imagens/tweets/POST_015/02.jpg	https://gabriel20angelo-web.github.io/umrabisco-imagens/tweets/POST_015/03.jpg	https://gabriel20angelo-web.github.io/umrabisco-imagens/tweets/POST_015/04.jpg
016	tweet	POST_016	4	https://gabriel20angelo-web.github.io/umrabisco-imagens/tweets/POST_016/01.jpg	https://gabriel20angelo-web.github.io/umrabisco-imagens/tweets/POST_016/02.jpg	https://gabriel20angelo-web.github.io/umrabisco-imagens/tweets/POST_016/03.jpg	https://gabriel20angelo-web.github.io/umrabisco-imagens/tweets/POST_016/04.jpg
017	tweet	POST_017	4	https://gabriel20angelo-web.github.io/umrabisco-imagens/tweets/POST_017/01.jpg	https://gabriel20angelo-web.github.io/umrabisco-imagens/tweets/POST_017/02.jpg	https://gabriel20angelo-web.github.io/umrabisco-imagens/tweets/POST_017/03.jpg	https://gabriel20angelo-web.github.io/umrabisco-imagens/tweets/POST_017/04.jpg
018	tweet	POST_018	4	https://gabriel20angelo-web.github.io/umrabisco-imagens/tweets/POST_018/01.jpg	https://gabriel20angelo-web.github.io/umrabisco-imagens/tweets/POST_018/02.jpg	https://gabriel20angelo-web.github.io/umrabisco-imagens/tweets/POST_018/03.jpg	https://gabriel20angelo-web.github.io/umrabisco-imagens/tweets/POST_018/04.jpg
019	tweet	POST_019	4	https://gabriel20angelo-web.github.io/umrabisco-imagens/tweets/POST_019/01.jpg	https://gabriel20angelo-web.github.io/umrabisco-imagens/tweets/POST_019/02.jpg	https://gabriel20angelo-web.github.io/umrabisco-imagens/tweets/POST_019/03.jpg	https://gabriel20angelo-web.github.io/umrabisco-imagens/tweets/POST_019/04.jpg
020	tweet	POST_020	4	https://gabriel20angelo-web.github.io/umrabisco-imagens/tweets/POST_020/01.jpg	https://gabriel20angelo-web.github.io/umrabisco-imagens/tweets/POST_020/02.jpg	https://gabriel20angelo-web.github.io/umrabisco-imagens/tweets/POST_020/03.jpg	https://gabriel20angelo-web.github.io/umrabisco-imagens/tweets/POST_020/04.jpg
021	tweet	POST_021	4	https://gabriel20angelo-web.github.io/umrabisco-imagens/tweets/POST_021/01.jpg	https://gabriel20angelo-web.github.io/umrabisco-imagens/tweets/POST_021/02.jpg	https://gabriel20angelo-web.github.io/umrabisco-imagens/tweets/POST_021/03.jpg	https://gabriel20angelo-web.github.io/umrabisco-imagens/tweets/POST_021/04.jpg
022	tweet	POST_022	4	https://gabriel20angelo-web.github.io/umrabisco-imagens/tweets/POST_022/01.jpg	https://gabriel20angelo-web.github.io/umrabisco-imagens/tweets/POST_022/02.jpg	https://gabriel20angelo-web.github.io/umrabisco-imagens/tweets/POST_022/03.jpg	https://gabriel20angelo-web.github.io/umrabisco-imagens/tweets/POST_022/04.jpg
023	tweet	POST_023	4	https://gabriel20angelo-web.github.io/umrabisco-imagens/tweets/POST_023/01.jpg	https://gabriel20angelo-web.github.io/umrabisco-imagens/tweets/POST_023/02.jpg	https://gabriel20angelo-web.github.io/umrabisco-imagens/tweets/POST_023/03.jpg	https://gabriel20angelo-web.github.io/umrabisco-imagens/tweets/POST_023/04.jpg
024	tweet	POST_024	4	https://gabriel20angelo-web.github.io/umrabisco-imagens/tweets/POST_024/01.jpg	https://gabriel20angelo-web.github.io/umrabisco-imagens/tweets/POST_024/02.jpg	https://gabriel20angelo-web.github.io/umrabisco-imagens/tweets/POST_024/03.jpg	https://gabriel20angelo-web.github.io/umrabisco-imagens/tweets/POST_024/04.jpg
025	tweet	POST_025	4	https://gabriel20angelo-web.github.io/umrabisco-imagens/tweets/POST_025/01.jpg	https://gabriel20angelo-web.github.io/umrabisco-imagens/tweets/POST_025/02.jpg	https://gabriel20angelo-web.github.io/umrabisco-imagens/tweets/POST_025/03.jpg	https://gabriel20angelo-web.github.io/umrabisco-imagens/tweets/POST_025/04.jpg
026	tweet	POST_026	4	https://gabriel20angelo-web.github.io/umrabisco-imagens/tweets/POST_026/01.jpg	https://gabriel20angelo-web.github.io/umrabisco-imagens/tweets/POST_026/02.jpg	https://gabriel20angelo-web.github.io/umrabisco-imagens/tweets/POST_026/03.jpg	https://gabriel20angelo-web.github.io/umrabisco-imagens/tweets/POST_026/04.jpg
027	tweet	POST_027	4	https://gabriel20angelo-web.github.io/umrabisco-imagens/tweets/POST_027/01.jpg	https://gabriel20angelo-web.github.io/umrabisco-imagens/tweets/POST_027/02.jpg	https://gabriel20angelo-web.github.io/umrabisco-imagens/tweets/POST_027/03.jpg	https://gabriel20angelo-web.github.io/umrabisco-imagens/tweets/POST_027/04.jpg
028	tweet	POST_028	4	https://gabriel20angelo-web.github.io/umrabisco-imagens/tweets/POST_028/01.jpg	https://gabriel20angelo-web.github.io/umrabisco-imagens/tweets/POST_028/02.jpg	https://gabriel20angelo-web.github.io/umrabisco-imagens/tweets/POST_028/03.jpg	https://gabriel20angelo-web.github.io/umrabisco-imagens/tweets/POST_028/04.jpg
029	tweet	POST_029	4	https://gabriel20angelo-web.github.io/umrabisco-imagens/tweets/POST_029/01.jpg	https://gabriel20angelo-web.github.io/umrabisco-imagens/tweets/POST_029/02.jpg	https://gabriel20angelo-web.github.io/umrabisco-imagens/tweets/POST_029/03.jpg	https://gabriel20angelo-web.github.io/umrabisco-imagens/tweets/POST_029/04.jpg
030	tweet	POST_030	4	https://gabriel20angelo-web.github.io/umrabisco-imagens/tweets/POST_030/01.jpg	https://gabriel20angelo-web.github.io/umrabisco-imagens/tweets/POST_030/02.jpg	https://gabriel20angelo-web.github.io/umrabisco-imagens/tweets/POST_030/03.jpg	https://gabriel20angelo-web.github.io/umrabisco-imagens/tweets/POST_030/04.jpg
031	tweet	POST_031	4	https://gabriel20angelo-web.github.io/umrabisco-imagens/tweets/POST_031/01.jpg	https://gabriel20angelo-web.github.io/umrabisco-imagens/tweets/POST_031/02.jpg	https://gabriel20angelo-web.github.io/umrabisco-imagens/tweets/POST_031/03.jpg	https://gabriel20angelo-web.github.io/umrabisco-imagens/tweets/POST_031/04.jpg
032	tweet	POST_032	4	https://gabriel20angelo-web.github.io/umrabisco-imagens/tweets/POST_032/01.jpg	https://gabriel20angelo-web.github.io/umrabisco-imagens/tweets/POST_032/02.jpg	https://gabriel20angelo-web.github.io/umrabisco-imagens/tweets/POST_032/03.jpg	https://gabriel20angelo-web.github.io/umrabisco-imagens/tweets/POST_032/04.jpg
033	tweet	POST_033	4	https://gabriel20angelo-web.github.io/umrabisco-imagens/tweets/POST_033/01.jpg	https://gabriel20angelo-web.github.io/umrabisco-imagens/tweets/POST_033/02.jpg	https://gabriel20angelo-web.github.io/umrabisco-imagens/tweets/POST_033/03.jpg	https://gabriel20angelo-web.github.io/umrabisco-imagens/tweets/POST_033/04.jpg
034	tweet	POST_034	4	https://gabriel20angelo-web.github.io/umrabisco-imagens/tweets/POST_034/01.jpg	https://gabriel20angelo-web.github.io/umrabisco-imagens/tweets/POST_034/02.jpg	https://gabriel20angelo-web.github.io/umrabisco-imagens/tweets/POST_034/03.jpg	https://gabriel20angelo-web.github.io/umrabisco-imagens/tweets/POST_034/04.jpg
035	tweet	POST_035	4	https://gabriel20angelo-web.github.io/umrabisco-imagens/tweets/POST_035/01.jpg	https://gabriel20angelo-web.github.io/umrabisco-imagens/tweets/POST_035/02.jpg	https://gabriel20angelo-web.github.io/umrabisco-imagens/tweets/POST_035/03.jpg	https://gabriel20angelo-web.github.io/umrabisco-imagens/tweets/POST_035/04.jpg
036	tweet	POST_036	4	https://gabriel20angelo-web.github.io/umrabisco-imagens/tweets/POST_036/01.jpg	https://gabriel20angelo-web.github.io/umrabisco-imagens/tweets/POST_036/02.jpg	https://gabriel20angelo-web.github.io/umrabisco-imagens/tweets/POST_036/03.jpg	https://gabriel20angelo-web.github.io/umrabisco-imagens/tweets/POST_036/04.jpg
037	tweet	POST_037	4	https://gabriel20angelo-web.github.io/umrabisco-imagens/tweets/POST_037/01.jpg	https://gabriel20angelo-web.github.io/umrabisco-imagens/tweets/POST_037/02.jpg	https://gabriel20angelo-web.github.io/umrabisco-imagens/tweets/POST_037/03.jpg	https://gabriel20angelo-web.github.io/umrabisco-imagens/tweets/POST_037/04.jpg
038	tweet	POST_038	4	https://gabriel20angelo-web.github.io/umrabisco-imagens/tweets/POST_038/01.jpg	https://gabriel20angelo-web.github.io/umrabisco-imagens/tweets/POST_038/02.jpg	https://gabriel20angelo-web.github.io/umrabisco-imagens/tweets/POST_038/03.jpg	https://gabriel20angelo-web.github.io/umrabisco-imagens/tweets/POST_038/04.jpg
039	tweet	POST_039	4	https://gabriel20angelo-web.github.io/umrabisco-imagens/tweets/POST_039/01.jpg	https://gabriel20angelo-web.github.io/umrabisco-imagens/tweets/POST_039/02.jpg	https://gabriel20angelo-web.github.io/umrabisco-imagens/tweets/POST_039/03.jpg	https://gabriel20angelo-web.github.io/umrabisco-imagens/tweets/POST_039/04.jpg
040	tweet	POST_040	4	https://gabriel20angelo-web.github.io/umrabisco-imagens/tweets/POST_040/01.jpg	https://gabriel20angelo-web.github.io/umrabisco-imagens/tweets/POST_040/02.jpg	https://gabriel20angelo-web.github.io/umrabisco-imagens/tweets/POST_040/03.jpg	https://gabriel20angelo-web.github.io/umrabisco-imagens/tweets/POST_040/04.jpg
041	tweet	POST_041	4	https://gabriel20angelo-web.github.io/umrabisco-imagens/tweets/POST_041/01.jpg	https://gabriel20angelo-web.github.io/umrabisco-imagens/tweets/POST_041/02.jpg	https://gabriel20angelo-web.github.io/umrabisco-imagens/tweets/POST_041/03.jpg	https://gabriel20angelo-web.github.io/umrabisco-imagens/tweets/POST_041/04.jpg
042	tweet	POST_042	4	https://gabriel20angelo-web.github.io/umrabisco-imagens/tweets/POST_042/01.jpg	https://gabriel20angelo-web.github.io/umrabisco-imagens/tweets/POST_042/02.jpg	https://gabriel20angelo-web.github.io/umrabisco-imagens/tweets/POST_042/03.jpg	https://gabriel20angelo-web.github.io/umrabisco-imagens/tweets/POST_042/04.jpg
043	tweet	POST_043	4	https://gabriel20angelo-web.github.io/umrabisco-imagens/tweets/POST_043/01.jpg	https://gabriel20angelo-web.github.io/umrabisco-imagens/tweets/POST_043/02.jpg	https://gabriel20angelo-web.github.io/umrabisco-imagens/tweets/POST_043/03.jpg	https://gabriel20angelo-web.github.io/umrabisco-imagens/tweets/POST_043/04.jpg
044	tweet	POST_044	4	https://gabriel20angelo-web.github.io/umrabisco-imagens/tweets/POST_044/01.jpg	https://gabriel20angelo-web.github.io/umrabisco-imagens/tweets/POST_044/02.jpg	https://gabriel20angelo-web.github.io/umrabisco-imagens/tweets/POST_044/03.jpg	https://gabriel20angelo-web.github.io/umrabisco-imagens/tweets/POST_044/04.jpg
045	tweet	POST_045	4	https://gabriel20angelo-web.github.io/umrabisco-imagens/tweets/POST_045/01.jpg	https://gabriel20angelo-web.github.io/umrabisco-imagens/tweets/POST_045/02.jpg	https://gabriel20angelo-web.github.io/umrabisco-imagens/tweets/POST_045/03.jpg	https://gabriel20angelo-web.github.io/umrabisco-imagens/tweets/POST_045/04.jpg
