,"Não dizer nada para evitar conflitos e viver em conflito por não dizer nada · Quando você silencia o próprio posicionamento, o outro ganha voz sobre quem você é  —  @UmRabiscoPsi",,https://gabriel20angelo-web.github.io/umrabisco-imagens/arte/66_viver_em_conflito/01.jpg,https://gabriel20angelo-web.github.io/umrabisco-imagens/arte/66_viver_em_conflito/02.jpg,https://gabriel20angelo-web.github.io/umrabisco-imagens/arte/66_viver_em_conflito/03.jpg
,"A ferida pode não ser sua culpa, mas curá-la sempre será sua responsabilidade · A pessoa que te quebrou não será a pessoa que irá te consertar · A cura acontece quando olhamos mais para a ferida do que para quem nos feriu · Nem toda dor precisa ser superada de imediato, algumas só precisam ser acolhidas  —  @UmRabiscoPsi",,https://gabriel20angelo-web.github.io/umrabisco-imagens/arte/20_a_ferida_e_quem_feriu/01.jpg,https://gabriel20angelo-web.github.io/umrabisco-imagens/arte/20_a_ferida_e_quem_feriu/02.jpg,https://gabriel20angelo-web.github.io/umrabisco-imagens/arte/20_a_ferida_e_quem_feriu/03.jpg,https://gabriel20angelo-web.github.io/umrabisco-imagens/arte/20_a_ferida_e_quem_feriu/04.jpg,https://gabriel20angelo-web.github.io/umrabisco-imagens/arte/20_a_ferida_e_quem_feriu/05.jpg
,a consciência organiza a vida desorganiza · seus olhos estão abertos mas você está enxergando? · amadurecer é sair do mundo das aparências · só você sabe como realmente foi  —  @UmRabiscoPsi,,https://gabriel20angelo-web.github.io/umrabisco-imagens/arte/11_a_consciencia_organiza/01.jpg,https://gabriel20angelo-web.github.io/umrabisco-imagens/arte/11_a_consciencia_organiza/02.jpg,https://gabriel20angelo-web.github.io/umrabisco-imagens/arte/11_a_consciencia_organiza/03.jpg,https://gabriel20angelo-web.github.io/umrabisco-imagens/arte/11_a_consciencia_organiza/04.jpg,https://gabriel20angelo-web.github.io/umrabisco-imagens/arte/11_a_consciencia_organiza/05.jpg
,"E se perguntarem por mim, diz-lhes que fui à minha procura · Você esconde tanto suas emoções para que ninguém as veja que nem você as enxerga mais · Não vemos as coisas como são, vemos as coisas como somos  —  @UmRabiscoPsi",,https://gabriel20angelo-web.github.io/umrabisco-imagens/arte/109_fui_a_minha_procura/01.jpg,https://gabriel20angelo-web.github.io/umrabisco-imagens/arte/109_fui_a_minha_procura/02.jpg,https://gabriel20angelo-web.github.io/umrabisco-imagens/arte/109_fui_a_minha_procura/03.jpg,https://gabriel20angelo-web.github.io/umrabisco-imagens/arte/109_fui_a_minha_procura/04.jpg
,"No fim, paz é deixar as pessoas estarem erradas sobre você · Não seja a conveniência de ninguém: seja importância ou não seja nada  —  @UmRabiscoPsi",,https://gabriel20angelo-web.github.io/umrabisco-imagens/arte/100_paz_e_deixar_as_pessoas_erradas/01.jpg,https://gabriel20angelo-web.github.io/umrabisco-imagens/arte/100_paz_e_deixar_as_pessoas_erradas/02.jpg,https://gabriel20angelo-web.github.io/umrabisco-imagens/arte/100_paz_e_deixar_as_pessoas_erradas/03.jpg
,"Autoconhecimento não é se entender sempre, é sustentar o que você descobre · Autoconhecimento é saber que você também é chato · Seu autoconhecimento é uma reescrita constante · É preciso saber onde você cabe e onde você se aperta para caber · Você pode saber o que disse, mas nunca o que o outro escutou · Não saber quem você é abre espaço para o mundo decidir isso por você  —  @UmRabiscoPsi",,https://gabriel20angelo-web.github.io/umrabisco-imagens/arte/09_autoconhecimento/01.jpg,https://gabriel20angelo-web.github.io/umrabisco-imagens/arte/09_autoconhecimento/02.jpg,https://gabriel20angelo-web.github.io/umrabisco-imagens/arte/09_autoconhecimento/03.jpg,https://gabriel20angelo-web.github.io/umrabisco-imagens/arte/09_autoconhecimento/04.jpg,https://gabriel20angelo-web.github.io/umrabisco-imagens/arte/09_autoconhecimento/05.jpg,https://gabriel20angelo-web.github.io/umrabisco-imagens/arte/09_autoconhecimento/06.jpg,https://gabriel20angelo-web.github.io/umrabisco-imagens/arte/09_autoconhecimento/07.jpg
,"Aprender quem você é exige desaprender o que disseram que você era · O que dói não é só o que aconteceu, é o que isso fez você acreditar sobre si  —  @UmRabiscoPsi",,https://gabriel20angelo-web.github.io/umrabisco-imagens/arte/60_desaprender_o_que_disseram/01.jpg,https://gabriel20angelo-web.github.io/umrabisco-imagens/arte/60_desaprender_o_que_disseram/02.jpg,https://gabriel20angelo-web.github.io/umrabisco-imagens/arte/60_desaprender_o_que_disseram/03.jpg
,"Se você não souber respeitar o que é inegociável pra você, o mundo também não vai · Prefiro ajustar minha vida à sua ausência do que meus limites ao seu desrespeito · A culpa costuma aparecer quando você começa a se respeitar  —  @UmRabiscoPsi",,https://gabriel20angelo-web.github.io/umrabisco-imagens/arte/96_o_que_e_inegociavel/01.jpg,https://gabriel20angelo-web.github.io/umrabisco-imagens/arte/96_o_que_e_inegociavel/02.jpg,https://gabriel20angelo-web.github.io/umrabisco-imagens/arte/96_o_que_e_inegociavel/03.jpg,https://gabriel20angelo-web.github.io/umrabisco-imagens/arte/96_o_que_e_inegociavel/04.jpg
,"Alguns vínculos não se rompem com brigas, se rompem com a vinda da lucidez · Existem relacionamentos que acabam antes do fim · Nunca dê a ninguém a oportunidade de voltar quando quiser  —  @UmRabiscoPsi",,https://gabriel20angelo-web.github.io/umrabisco-imagens/arte/50_a_vinda_da_lucidez/01.jpg,https://gabriel20angelo-web.github.io/umrabisco-imagens/arte/50_a_vinda_da_lucidez/02.jpg,https://gabriel20angelo-web.github.io/umrabisco-imagens/arte/50_a_vinda_da_lucidez/03.jpg,https://gabriel20angelo-web.github.io/umrabisco-imagens/arte/50_a_vinda_da_lucidez/04.jpg
,"Autoconhecimento sem autocrítica é pura vaidade disfarçada de sensatez · Viver é escolher qual desconforto você vai bancar · O silêncio confortável é, talvez, a forma mais próxima de completude  —  @UmRabiscoPsi",,https://gabriel20angelo-web.github.io/umrabisco-imagens/arte/75_o_barulho_ai_dentro/01.jpg,https://gabriel20angelo-web.github.io/umrabisco-imagens/arte/75_o_barulho_ai_dentro/02.jpg,https://gabriel20angelo-web.github.io/umrabisco-imagens/arte/75_o_barulho_ai_dentro/03.jpg,https://gabriel20angelo-web.github.io/umrabisco-imagens/arte/75_o_barulho_ai_dentro/04.jpg
,Caber não é encolher · Alguns lugares deixam de acompanhar quem você está se tornando  —  @UmRabiscoPsi,,https://gabriel20angelo-web.github.io/umrabisco-imagens/arte/48_caber_nao_e_encolher/01.jpg,https://gabriel20angelo-web.github.io/umrabisco-imagens/arte/48_caber_nao_e_encolher/02.jpg,https://gabriel20angelo-web.github.io/umrabisco-imagens/arte/48_caber_nao_e_encolher/03.jpg
,"A expectativa do outro é um lugar estreito demais para você morar · A vida melhorou um tanto depois que parei de tentar caber · Se você sempre se adapta, em que momento você é você?  —  @UmRabiscoPsi",,https://gabriel20angelo-web.github.io/umrabisco-imagens/arte/18_em_que_momento/01.jpg,https://gabriel20angelo-web.github.io/umrabisco-imagens/arte/18_em_que_momento/02.jpg,https://gabriel20angelo-web.github.io/umrabisco-imagens/arte/18_em_que_momento/03.jpg,https://gabriel20angelo-web.github.io/umrabisco-imagens/arte/18_em_que_momento/04.jpg
,Repetindo padrões você pode ter um longo passado pela frente · Não deixe os traumas te guiarem e você chamar isso de intuição · Você pode ganhar um cabo de guerra soltando a corda  —  @UmRabiscoPsi,,https://gabriel20angelo-web.github.io/umrabisco-imagens/arte/97_um_longo_passado_pela_frente/01.jpg,https://gabriel20angelo-web.github.io/umrabisco-imagens/arte/97_um_longo_passado_pela_frente/02.jpg,https://gabriel20angelo-web.github.io/umrabisco-imagens/arte/97_um_longo_passado_pela_frente/03.jpg,https://gabriel20angelo-web.github.io/umrabisco-imagens/arte/97_um_longo_passado_pela_frente/04.jpg
,Escolher a si mesmo é assumir a posição de desobediência · Quem ensinou essa mulher que ela precisa pedir permissão para ocupar o próprio espaço? · Não troque autenticidade por aprovação  —  @UmRabiscoPsi,,https://gabriel20angelo-web.github.io/umrabisco-imagens/arte/54_desobediencia/01.jpg,https://gabriel20angelo-web.github.io/umrabisco-imagens/arte/54_desobediencia/02.jpg,https://gabriel20angelo-web.github.io/umrabisco-imagens/arte/54_desobediencia/03.jpg,https://gabriel20angelo-web.github.io/umrabisco-imagens/arte/54_desobediencia/04.jpg
,"Cair em si não é tropeço, é voo · Amor não é insistência, é alinhamento · Tentar agradar todo mundo não é amor, é medo · Não é falta de tempo, é você com pressa · Arrependimento não é quando você chora, é quando você muda · Confiar não é saber tudo sobre alguém, é não precisar saber  —  @UmRabiscoPsi",,https://gabriel20angelo-web.github.io/umrabisco-imagens/arte/07_nao_e_e/01.jpg,https://gabriel20angelo-web.github.io/umrabisco-imagens/arte/07_nao_e_e/02.jpg,https://gabriel20angelo-web.github.io/umrabisco-imagens/arte/07_nao_e_e/03.jpg,https://gabriel20angelo-web.github.io/umrabisco-imagens/arte/07_nao_e_e/04.jpg,https://gabriel20angelo-web.github.io/umrabisco-imagens/arte/07_nao_e_e/05.jpg,https://gabriel20angelo-web.github.io/umrabisco-imagens/arte/07_nao_e_e/06.jpg,https://gabriel20angelo-web.github.io/umrabisco-imagens/arte/07_nao_e_e/07.jpg
,"Enquanto a pressa tenta controlar, o tempo ensina a confiar · O tempo só amadurece os interessados, o restante apenas envelhece  —  @UmRabiscoPsi",,https://gabriel20angelo-web.github.io/umrabisco-imagens/arte/29_o_tempo_ensina_a_confiar/01.jpg,https://gabriel20angelo-web.github.io/umrabisco-imagens/arte/29_o_tempo_ensina_a_confiar/02.jpg,https://gabriel20angelo-web.github.io/umrabisco-imagens/arte/29_o_tempo_ensina_a_confiar/03.jpg
,"A gente precisa parar de esperar uma vaga na vida das pessoas · Uma porta entreaberta dói mais que uma porta fechada · Ser útil não é ser amada · Se é mais ou menos, não é para ser  —  @UmRabiscoPsi",,https://gabriel20angelo-web.github.io/umrabisco-imagens/arte/21_a_vaga_que_voce_espera/01.jpg,https://gabriel20angelo-web.github.io/umrabisco-imagens/arte/21_a_vaga_que_voce_espera/02.jpg,https://gabriel20angelo-web.github.io/umrabisco-imagens/arte/21_a_vaga_que_voce_espera/03.jpg,https://gabriel20angelo-web.github.io/umrabisco-imagens/arte/21_a_vaga_que_voce_espera/04.jpg,https://gabriel20angelo-web.github.io/umrabisco-imagens/arte/21_a_vaga_que_voce_espera/05.jpg
,"Não é porque você está aguentando que a carga não está pesada · Nem tudo que pesa é pra carregar · Liberte-se do peso de agradar os outros · Aprender a não carregar tudo, o tempo todo, em silêncio · A pausa não te atrasa, ela sustenta  —  @UmRabiscoPsi",,https://gabriel20angelo-web.github.io/umrabisco-imagens/arte/06_carga_pesada/01.jpg,https://gabriel20angelo-web.github.io/umrabisco-imagens/arte/06_carga_pesada/02.jpg,https://gabriel20angelo-web.github.io/umrabisco-imagens/arte/06_carga_pesada/03.jpg,https://gabriel20angelo-web.github.io/umrabisco-imagens/arte/06_carga_pesada/04.jpg,https://gabriel20angelo-web.github.io/umrabisco-imagens/arte/06_carga_pesada/05.jpg,https://gabriel20angelo-web.github.io/umrabisco-imagens/arte/06_carga_pesada/06.jpg
,"Deixe acabar, deixe doer, deixe ir embora, deixe cicatrizar · Eu não era chata ou complicada, eu tinha necessidades não atendidas · Bendito seja o incômodo que te faz sair de um lugar que não te cabe  —  @UmRabiscoPsi",,https://gabriel20angelo-web.github.io/umrabisco-imagens/arte/111_deixe_cicatrizar/01.jpg,https://gabriel20angelo-web.github.io/umrabisco-imagens/arte/111_deixe_cicatrizar/02.jpg,https://gabriel20angelo-web.github.io/umrabisco-imagens/arte/111_deixe_cicatrizar/03.jpg,https://gabriel20angelo-web.github.io/umrabisco-imagens/arte/111_deixe_cicatrizar/04.jpg
,"Escolher como você enxerga não é positividade tóxica · Dessa vez, escolha você primeiro · Escolha pessoas que escolhem você · Você é mais valioso, se escolha mais vezes · Escolha quem defende seu nome quando você não está presente · Quanto mais você ama suas escolhas, menos precisa que os outros as amem  —  @UmRabiscoPsi",,https://gabriel20angelo-web.github.io/umrabisco-imagens/arte/08_escolher_e_metodo/01.jpg,https://gabriel20angelo-web.github.io/umrabisco-imagens/arte/08_escolher_e_metodo/02.jpg,https://gabriel20angelo-web.github.io/umrabisco-imagens/arte/08_escolher_e_metodo/03.jpg,https://gabriel20angelo-web.github.io/umrabisco-imagens/arte/08_escolher_e_metodo/04.jpg,https://gabriel20angelo-web.github.io/umrabisco-imagens/arte/08_escolher_e_metodo/05.jpg,https://gabriel20angelo-web.github.io/umrabisco-imagens/arte/08_escolher_e_metodo/06.jpg,https://gabriel20angelo-web.github.io/umrabisco-imagens/arte/08_escolher_e_metodo/07.jpg
,"Você não perde algo que nunca teve, você aceita que nunca teve · Tem amores que não acabam, só mudam de nome pra continuar te assombrando · Tudo muda quando você percebe que você também é uma grande perda  —  @UmRabiscoPsi",,https://gabriel20angelo-web.github.io/umrabisco-imagens/arte/73_o_que_nunca_foi_seu/01.jpg,https://gabriel20angelo-web.github.io/umrabisco-imagens/arte/73_o_que_nunca_foi_seu/02.jpg,https://gabriel20angelo-web.github.io/umrabisco-imagens/arte/73_o_que_nunca_foi_seu/03.jpg,https://gabriel20angelo-web.github.io/umrabisco-imagens/arte/73_o_que_nunca_foi_seu/04.jpg
,"Escute o que as pessoas fazem, nada é mais barulhento que as atitudes · A pessoa vale o que ela cumpre, não o que ela promete  —  @UmRabiscoPsi",,https://gabriel20angelo-web.github.io/umrabisco-imagens/arte/51_nada_e_mais_barulhento/01.jpg,https://gabriel20angelo-web.github.io/umrabisco-imagens/arte/51_nada_e_mais_barulhento/02.jpg,https://gabriel20angelo-web.github.io/umrabisco-imagens/arte/51_nada_e_mais_barulhento/03.jpg
,"Por que você tem medo que vá embora alguém que nunca está? · Tem gente que quando vai embora devolve a gente pra gente · Aprenda a colocar as pessoas no mesmo lugar que elas te colocam · Zero rancor, mas na minha mesa você não senta mais  —  @UmRabiscoPsi",,https://gabriel20angelo-web.github.io/umrabisco-imagens/arte/22_quem_vai_embora_te_devolve/01.jpg,https://gabriel20angelo-web.github.io/umrabisco-imagens/arte/22_quem_vai_embora_te_devolve/02.jpg,https://gabriel20angelo-web.github.io/umrabisco-imagens/arte/22_quem_vai_embora_te_devolve/03.jpg,https://gabriel20angelo-web.github.io/umrabisco-imagens/arte/22_quem_vai_embora_te_devolve/04.jpg,https://gabriel20angelo-web.github.io/umrabisco-imagens/arte/22_quem_vai_embora_te_devolve/05.jpg
,"Eu não sou o que você pensa que eu sou, você é o que você pensa que eu sou · Não tente encontrar a si mesmo no labirinto do outro · Frágil não como porcelana, frágil como uma bomba  —  @UmRabiscoPsi",,https://gabriel20angelo-web.github.io/umrabisco-imagens/arte/98_o_que_voce_pensa_que_eu_sou/01.jpg,https://gabriel20angelo-web.github.io/umrabisco-imagens/arte/98_o_que_voce_pensa_que_eu_sou/02.jpg,https://gabriel20angelo-web.github.io/umrabisco-imagens/arte/98_o_que_voce_pensa_que_eu_sou/03.jpg,https://gabriel20angelo-web.github.io/umrabisco-imagens/arte/98_o_que_voce_pensa_que_eu_sou/04.jpg
,Você quer presença ou só não quer ficar sozinho? · eu me viro bem sozinha · ninguém aqui duvida disso · então por que insistem em me apresentar alguém? / porque confundem estar só com estar carente · quem não domina a sua solidão acredita que qualquer companhia é boa · Estar junto só vale a pena se for melhor que estar sozinha  —  @UmRabiscoPsi,,https://gabriel20angelo-web.github.io/umrabisco-imagens/arte/05_viro_bem_sozinha/01.jpg,https://gabriel20angelo-web.github.io/umrabisco-imagens/arte/05_viro_bem_sozinha/02.jpg,https://gabriel20angelo-web.github.io/umrabisco-imagens/arte/05_viro_bem_sozinha/03.jpg,https://gabriel20angelo-web.github.io/umrabisco-imagens/arte/05_viro_bem_sozinha/04.jpg,https://gabriel20angelo-web.github.io/umrabisco-imagens/arte/05_viro_bem_sozinha/05.jpg,https://gabriel20angelo-web.github.io/umrabisco-imagens/arte/05_viro_bem_sozinha/06.jpg,https://gabriel20angelo-web.github.io/umrabisco-imagens/arte/05_viro_bem_sozinha/07.jpg
,"A paz que você procura está na decisão que você ainda não tomou · Quando você coloca um limite e alguém vai embora, isso também é informação · O desconforto de impor seus limites ainda é menor do que o de não impor  —  @UmRabiscoPsi",,https://gabriel20angelo-web.github.io/umrabisco-imagens/arte/14_decisao_nao_tomada/01.jpg,https://gabriel20angelo-web.github.io/umrabisco-imagens/arte/14_decisao_nao_tomada/02.jpg,https://gabriel20angelo-web.github.io/umrabisco-imagens/arte/14_decisao_nao_tomada/03.jpg,https://gabriel20angelo-web.github.io/umrabisco-imagens/arte/14_decisao_nao_tomada/04.jpg
,"Relacionamentos saudáveis te assustam porque você sempre buscou conforto no caos · Não é sobre azar no amor, é sobre repetir história afetiva  —  @UmRabiscoPsi",,https://gabriel20angelo-web.github.io/umrabisco-imagens/arte/69_conforto_no_caos/01.jpg,https://gabriel20angelo-web.github.io/umrabisco-imagens/arte/69_conforto_no_caos/02.jpg,https://gabriel20angelo-web.github.io/umrabisco-imagens/arte/69_conforto_no_caos/03.jpg
,"O amor foi confundido com adaptação · Se adaptar demais é uma forma de desaparecer · Ajusto-me a mim, não ao mundo  —  @UmRabiscoPsi",,https://gabriel20angelo-web.github.io/umrabisco-imagens/arte/23_se_adaptar_demais/01.jpg,https://gabriel20angelo-web.github.io/umrabisco-imagens/arte/23_se_adaptar_demais/02.jpg,https://gabriel20angelo-web.github.io/umrabisco-imagens/arte/23_se_adaptar_demais/03.jpg,https://gabriel20angelo-web.github.io/umrabisco-imagens/arte/23_se_adaptar_demais/04.jpg
,"Terapia é para reorganizar, se ouvir, nomear · Coragem é ir com medo · Descanso é direito, não recompensa · Maturidade é discernir entre aceitar e se submeter · Autoconfiança é cumprir com seus próprios combinados · Paz é se sentir em casa dentro de si  —  @UmRabiscoPsi",,https://gabriel20angelo-web.github.io/umrabisco-imagens/arte/04_pequeno_dicionario/01.jpg,https://gabriel20angelo-web.github.io/umrabisco-imagens/arte/04_pequeno_dicionario/02.jpg,https://gabriel20angelo-web.github.io/umrabisco-imagens/arte/04_pequeno_dicionario/03.jpg,https://gabriel20angelo-web.github.io/umrabisco-imagens/arte/04_pequeno_dicionario/04.jpg,https://gabriel20angelo-web.github.io/umrabisco-imagens/arte/04_pequeno_dicionario/05.jpg,https://gabriel20angelo-web.github.io/umrabisco-imagens/arte/04_pequeno_dicionario/06.jpg,https://gabriel20angelo-web.github.io/umrabisco-imagens/arte/04_pequeno_dicionario/07.jpg
,Não é contornando que se cura · É atravessando  —  @UmRabiscoPsi,,https://gabriel20angelo-web.github.io/umrabisco-imagens/arte/02_atravessar/01.jpg,https://gabriel20angelo-web.github.io/umrabisco-imagens/arte/02_atravessar/02.jpg,https://gabriel20angelo-web.github.io/umrabisco-imagens/arte/02_atravessar/03.jpg
,"É revolucionário não querer dar conta de tudo · Querer dar conta de tudo é delírio · Quando a produtividade se torna identidade, qualquer pausa parece uma ameaça · Eu não quero que minha vida seja só sobre dar conta de tudo  —  @UmRabiscoPsi",,https://gabriel20angelo-web.github.io/umrabisco-imagens/arte/19_dar_conta_de_tudo/01.jpg,https://gabriel20angelo-web.github.io/umrabisco-imagens/arte/19_dar_conta_de_tudo/02.jpg,https://gabriel20angelo-web.github.io/umrabisco-imagens/arte/19_dar_conta_de_tudo/03.jpg,https://gabriel20angelo-web.github.io/umrabisco-imagens/arte/19_dar_conta_de_tudo/04.jpg,https://gabriel20angelo-web.github.io/umrabisco-imagens/arte/19_dar_conta_de_tudo/05.jpg
,"O passado não determina quem somos, mas decide o que julgamos possível · Nem tudo que atravessou gerações merece atravessar você  —  @UmRabiscoPsi",,https://gabriel20angelo-web.github.io/umrabisco-imagens/arte/81_o_que_julgamos_possivel/01.jpg,https://gabriel20angelo-web.github.io/umrabisco-imagens/arte/81_o_que_julgamos_possivel/02.jpg,https://gabriel20angelo-web.github.io/umrabisco-imagens/arte/81_o_que_julgamos_possivel/03.jpg
,às vezes é amor outras vezes só um bom encaixe neurótico · queremos tanto que seja amor que não enxergamos que é só teimosia · a culpa faz muita gente permanecer onde o amor já acabou  —  @UmRabiscoPsi,,https://gabriel20angelo-web.github.io/umrabisco-imagens/arte/13_encaixe_neurotico/01.jpg,https://gabriel20angelo-web.github.io/umrabisco-imagens/arte/13_encaixe_neurotico/02.jpg,https://gabriel20angelo-web.github.io/umrabisco-imagens/arte/13_encaixe_neurotico/03.jpg,https://gabriel20angelo-web.github.io/umrabisco-imagens/arte/13_encaixe_neurotico/04.jpg
,"De todas as pessoas que conquistei, a mais difícil fui eu mesma · É meu dever mergulhar em quem eu sou · Eu quero ser uma boa casa pra mim  —  @UmRabiscoPsi",,https://gabriel20angelo-web.github.io/umrabisco-imagens/arte/47_a_mais_dificil_fui_eu_mesma/01.jpg,https://gabriel20angelo-web.github.io/umrabisco-imagens/arte/47_a_mais_dificil_fui_eu_mesma/02.jpg,https://gabriel20angelo-web.github.io/umrabisco-imagens/arte/47_a_mais_dificil_fui_eu_mesma/03.jpg,https://gabriel20angelo-web.github.io/umrabisco-imagens/arte/47_a_mais_dificil_fui_eu_mesma/04.jpg
,"Insisti porque gostei de você, fui embora porque gostei mais de mim · Onde eu não posso ser eu, eu prefiro nem estar  —  @UmRabiscoPsi",,https://gabriel20angelo-web.github.io/umrabisco-imagens/arte/39_insisti_porque_gostei_de_voce/01.jpg,https://gabriel20angelo-web.github.io/umrabisco-imagens/arte/39_insisti_porque_gostei_de_voce/02.jpg,https://gabriel20angelo-web.github.io/umrabisco-imagens/arte/39_insisti_porque_gostei_de_voce/03.jpg
,"Será que as pessoas mudam? · As pessoas dão o que são · Idealizar alguém é condená-lo a te decepcionar · Pare de querer consertar pessoas quebradas · Não podemos forçar as pessoas a nos escolher · De algumas pessoas, cuide; de outras, cuidado · Os outros só nos alcançam até onde permitimos  —  @UmRabiscoPsi",,https://gabriel20angelo-web.github.io/umrabisco-imagens/arte/01_pessoas_mudam/01.jpg,https://gabriel20angelo-web.github.io/umrabisco-imagens/arte/01_pessoas_mudam/02.jpg,https://gabriel20angelo-web.github.io/umrabisco-imagens/arte/01_pessoas_mudam/03.jpg,https://gabriel20angelo-web.github.io/umrabisco-imagens/arte/01_pessoas_mudam/04.jpg,https://gabriel20angelo-web.github.io/umrabisco-imagens/arte/01_pessoas_mudam/05.jpg,https://gabriel20angelo-web.github.io/umrabisco-imagens/arte/01_pessoas_mudam/06.jpg,https://gabriel20angelo-web.github.io/umrabisco-imagens/arte/01_pessoas_mudam/07.jpg,https://gabriel20angelo-web.github.io/umrabisco-imagens/arte/01_pessoas_mudam/08.jpg
,Insistir onde você não é visto é uma forma sutil de se abandonar · Como você quer fazer morada em alguém que não te mostra a casa inteira? · Se cure para não acabar sangrando em cima de quem não te machucou  —  @UmRabiscoPsi,,https://gabriel20angelo-web.github.io/umrabisco-imagens/arte/74_insistir_onde_nao_te_veem/01.jpg,https://gabriel20angelo-web.github.io/umrabisco-imagens/arte/74_insistir_onde_nao_te_veem/02.jpg,https://gabriel20angelo-web.github.io/umrabisco-imagens/arte/74_insistir_onde_nao_te_veem/03.jpg,https://gabriel20angelo-web.github.io/umrabisco-imagens/arte/74_insistir_onde_nao_te_veem/04.jpg
,O amor não deveria exigir que você se abandone · O abandono de si mesmo é sempre o abandono mais cruel · O excesso de compreensão também pode ser uma forma de autoabandono · E se eu estiver deixando de me abandonar?  —  @UmRabiscoPsi,,https://gabriel20angelo-web.github.io/umrabisco-imagens/arte/17_autoabandono/01.jpg,https://gabriel20angelo-web.github.io/umrabisco-imagens/arte/17_autoabandono/02.jpg,https://gabriel20angelo-web.github.io/umrabisco-imagens/arte/17_autoabandono/03.jpg,https://gabriel20angelo-web.github.io/umrabisco-imagens/arte/17_autoabandono/04.jpg,https://gabriel20angelo-web.github.io/umrabisco-imagens/arte/17_autoabandono/05.jpg
,Não se caminha segurando uma âncora · Quem nunca suporta a dúvida acaba dependente das próprias certezas · Há pessoas brilhantes para interpretar o mundo e estrangeiras diante de si mesmas  —  @UmRabiscoPsi,,https://gabriel20angelo-web.github.io/umrabisco-imagens/arte/110_segurando_uma_ancora/01.jpg,https://gabriel20angelo-web.github.io/umrabisco-imagens/arte/110_segurando_uma_ancora/02.jpg,https://gabriel20angelo-web.github.io/umrabisco-imagens/arte/110_segurando_uma_ancora/03.jpg,https://gabriel20angelo-web.github.io/umrabisco-imagens/arte/110_segurando_uma_ancora/04.jpg
,Amar é fornecer ao outro espaço para existir  —  @UmRabiscoPsi,,https://gabriel20angelo-web.github.io/umrabisco-imagens/arte/36_ninho_nunca_gaiola/01.jpg,https://gabriel20angelo-web.github.io/umrabisco-imagens/arte/36_ninho_nunca_gaiola/02.jpg
,"Dê-se a devida desimportância · Aquilo que eu não gosto em ti, corrijo em mim · Nem tudo é sobre você, aliás quase nada é, dê-se a devida desimportância  —  @UmRabiscoPsi",,https://gabriel20angelo-web.github.io/umrabisco-imagens/arte/34_a_devida_desimportancia/01.jpg,https://gabriel20angelo-web.github.io/umrabisco-imagens/arte/34_a_devida_desimportancia/02.jpg,https://gabriel20angelo-web.github.io/umrabisco-imagens/arte/34_a_devida_desimportancia/03.jpg,https://gabriel20angelo-web.github.io/umrabisco-imagens/arte/34_a_devida_desimportancia/04.jpg
,"Quem precisar de mim, por favor, desprecise · Desculpas aceitas, porém acesso negado  —  @UmRabiscoPsi",,https://gabriel20angelo-web.github.io/umrabisco-imagens/arte/59_desprecise/01.jpg,https://gabriel20angelo-web.github.io/umrabisco-imagens/arte/59_desprecise/02.jpg,https://gabriel20angelo-web.github.io/umrabisco-imagens/arte/59_desprecise/03.jpg
,"Adoecemos porque fomos educados para fazer todo mundo feliz, menos nós mesmos · Não tente fazer todo mundo feliz, você não é o quinto dia útil · Dizer não sem explicação não é falta de consideração, é um limite · Você nunca vai ser livre se não tiver a coragem de frustrar  —  @UmRabiscoPsi",,https://gabriel20angelo-web.github.io/umrabisco-imagens/arte/24_o_quinto_dia_util/01.jpg,https://gabriel20angelo-web.github.io/umrabisco-imagens/arte/24_o_quinto_dia_util/02.jpg,https://gabriel20angelo-web.github.io/umrabisco-imagens/arte/24_o_quinto_dia_util/03.jpg,https://gabriel20angelo-web.github.io/umrabisco-imagens/arte/24_o_quinto_dia_util/04.jpg,https://gabriel20angelo-web.github.io/umrabisco-imagens/arte/24_o_quinto_dia_util/05.jpg
,A infância é um chão que a gente pisa a vida inteira · Não sabote sua paz só porque o caos lhe é familiar · Ninguém está torcendo mais por você do que a criança que você foi um dia  —  @UmRabiscoPsi,,https://gabriel20angelo-web.github.io/umrabisco-imagens/arte/15_chao_da_infancia/01.jpg,https://gabriel20angelo-web.github.io/umrabisco-imagens/arte/15_chao_da_infancia/02.jpg,https://gabriel20angelo-web.github.io/umrabisco-imagens/arte/15_chao_da_infancia/03.jpg,https://gabriel20angelo-web.github.io/umrabisco-imagens/arte/15_chao_da_infancia/04.jpg
,"Você pode saber o que disse, mas nunca o que o outro escutou · O ponto de vista é a vista de apenas um ponto  —  @UmRabiscoPsi",,https://gabriel20angelo-web.github.io/umrabisco-imagens/arte/93_nunca_o_que_o_outro_escutou/01.jpg,https://gabriel20angelo-web.github.io/umrabisco-imagens/arte/93_nunca_o_que_o_outro_escutou/02.jpg,https://gabriel20angelo-web.github.io/umrabisco-imagens/arte/93_nunca_o_que_o_outro_escutou/03.jpg
,Imponha limites e descubra se você é bem-vindo ou apenas necessário · Às vezes você é a pessoa que mais precisa daquilo que tanto oferece · Ser útil não é ser amada  —  @UmRabiscoPsi,,https://gabriel20angelo-web.github.io/umrabisco-imagens/arte/37_bem_vindo_ou_necessario/01.jpg,https://gabriel20angelo-web.github.io/umrabisco-imagens/arte/37_bem_vindo_ou_necessario/02.jpg,https://gabriel20angelo-web.github.io/umrabisco-imagens/arte/37_bem_vindo_ou_necessario/03.jpg,https://gabriel20angelo-web.github.io/umrabisco-imagens/arte/37_bem_vindo_ou_necessario/04.jpg
,"você vai sobreviver, mas vai virar outra pessoa · de tempos em tempos a vida vai te pedir coragem pra mudar · é muito difícil mudar o que você sente sem mudar o que vive · mude você ao invés de gastar energia tentando mudar o outro · você sentirá muito mais angústia do que alívio ao começar a mudar certos padrões · se você soubesse que essa pessoa nunca vai mudar, você continuaria?  —  @UmRabiscoPsi",,https://gabriel20angelo-web.github.io/umrabisco-imagens/arte/03_virar_outra/01.jpg,https://gabriel20angelo-web.github.io/umrabisco-imagens/arte/03_virar_outra/02.jpg,https://gabriel20angelo-web.github.io/umrabisco-imagens/arte/03_virar_outra/03.jpg,https://gabriel20angelo-web.github.io/umrabisco-imagens/arte/03_virar_outra/04.jpg,https://gabriel20angelo-web.github.io/umrabisco-imagens/arte/03_virar_outra/05.jpg,https://gabriel20angelo-web.github.io/umrabisco-imagens/arte/03_virar_outra/06.jpg,https://gabriel20angelo-web.github.io/umrabisco-imagens/arte/03_virar_outra/07.jpg
,A gente se prende em tempestades que a gente mesmo cria · O medo do que pode acontecer rouba o que já está acontecendo · É perder tudo por querer o controle do pouco  —  @UmRabiscoPsi,,https://gabriel20angelo-web.github.io/umrabisco-imagens/arte/45_tempestades_que_criamos/01.jpg,https://gabriel20angelo-web.github.io/umrabisco-imagens/arte/45_tempestades_que_criamos/02.jpg,https://gabriel20angelo-web.github.io/umrabisco-imagens/arte/45_tempestades_que_criamos/03.jpg,https://gabriel20angelo-web.github.io/umrabisco-imagens/arte/45_tempestades_que_criamos/04.jpg
,"Viver é partir, voltar, repartir · A repetição nos mostra exatamente onde paramos · Arrisque novos trajetos mas não esqueça o caminho de volta · Se tua raiz estiver intacta, voltarás a florescer · Para sempre é composto de agoras  —  @UmRabiscoPsi",,https://gabriel20angelo-web.github.io/umrabisco-imagens/arte/10_panorama_do_ciclo/01.jpg,https://gabriel20angelo-web.github.io/umrabisco-imagens/arte/10_panorama_do_ciclo/02.jpg,https://gabriel20angelo-web.github.io/umrabisco-imagens/arte/10_panorama_do_ciclo/03.jpg,https://gabriel20angelo-web.github.io/umrabisco-imagens/arte/10_panorama_do_ciclo/04.jpg,https://gabriel20angelo-web.github.io/umrabisco-imagens/arte/10_panorama_do_ciclo/05.jpg,https://gabriel20angelo-web.github.io/umrabisco-imagens/arte/10_panorama_do_ciclo/06.jpg
,Você não pode se curar no mesmo ambiente em que ficou doente · Retire-se dos lugares que não te dão vida · Há relações em que sua maior gentileza talvez seja manter certa distância  —  @UmRabiscoPsi,,https://gabriel20angelo-web.github.io/umrabisco-imagens/arte/27_o_mesmo_ambiente/01.jpg,https://gabriel20angelo-web.github.io/umrabisco-imagens/arte/27_o_mesmo_ambiente/02.jpg,https://gabriel20angelo-web.github.io/umrabisco-imagens/arte/27_o_mesmo_ambiente/03.jpg,https://gabriel20angelo-web.github.io/umrabisco-imagens/arte/27_o_mesmo_ambiente/04.jpg
,Quanta coisa a gente perde por medo de perder? · O mesmo medo que nos protege do fracasso também nos protege do êxito · O medo do que pode acontecer rouba o que já está acontecendo  —  @UmRabiscoPsi,,https://gabriel20angelo-web.github.io/umrabisco-imagens/arte/16_medo_de_perder/01.jpg,https://gabriel20angelo-web.github.io/umrabisco-imagens/arte/16_medo_de_perder/02.jpg,https://gabriel20angelo-web.github.io/umrabisco-imagens/arte/16_medo_de_perder/03.jpg,https://gabriel20angelo-web.github.io/umrabisco-imagens/arte/16_medo_de_perder/04.jpg
,"Quando voce entende que o outro nao entende, vocé nao se desgasta mais. · Existem momentos em que a pessoa pode até estar no mesmo caminho que voce, porém, em sentido contrario. · é libertador reorganizar as prateleiras da vida, colocando as coisas,os sentimentos,as prioridades e as pessoas em seus devidos lugares.  —  @UmRabiscoPsi",,https://gabriel20angelo-web.github.io/umrabisco-imagens/tweets/POST_001/01.jpg,https://gabriel20angelo-web.github.io/umrabisco-imagens/tweets/POST_001/02.jpg,https://gabriel20angelo-web.github.io/umrabisco-imagens/tweets/POST_001/03.jpg,https://gabriel20angelo-web.github.io/umrabisco-imagens/tweets/POST_001/04.jpg
,"ket ★ Ninguém que se apaixona por mim compete com outra pessoa. Na verdade, compete com o quanto eu sou feliz sozinha e essa é uma concorrencia dificil de vencer. Em Desvaneio · Desculpa, mas eu realmente prefiro escutar um audio de 2 min de como foi seu dia, do que perguntar e receber apenas um 'foi bom' · vocé pode ir na academia, beber agua, tomar vitamina e ter uma boa alimentacao. mas se vocé nao cuidar do que passa na sua mente e no seu coracao, voce nunca sera saudavel.  —  @UmRabiscoPsi",,https://gabriel20angelo-web.github.io/umrabisco-imagens/tweets/POST_002/01.jpg,https://gabriel20angelo-web.github.io/umrabisco-imagens/tweets/POST_002/02.jpg,https://gabriel20angelo-web.github.io/umrabisco-imagens/tweets/POST_002/03.jpg,https://gabriel20angelo-web.github.io/umrabisco-imagens/tweets/POST_002/04.jpg
,"-Qual foi a despedida que mais doeu na sua vida? -A que eu nem percebi que era uma -Eu sorri, abracei, disse 'até logo'... e a vida, em siléncio, respondeu 'adeus'. Em Desvaneio · Nem tudo é espiritual. As vezes, o que vocé acha que é encosto é fruto de suas escolhas de vida · Talvez essa vontade de 'sumir' seja, na verdade, uma enorme vontade de se encontrar.  —  @UmRabiscoPsi",,https://gabriel20angelo-web.github.io/umrabisco-imagens/tweets/POST_003/01.jpg,https://gabriel20angelo-web.github.io/umrabisco-imagens/tweets/POST_003/02.jpg,https://gabriel20angelo-web.github.io/umrabisco-imagens/tweets/POST_003/03.jpg,https://gabriel20angelo-web.github.io/umrabisco-imagens/tweets/POST_003/04.jpg
,"doi ne, mas voce escolheu passar por · O que hoje parece um fim, amanha pode ser o comeco de uma nova historia. Muitas vezes, nao é a situacao que precisa mudar, mas a forma como escolhemos enxerga-la. · sozinhas efelizes!Enao,nao somos pessoas solitarias nem estamos tentando fugir de algo ou nos enganar! Gaste o tempo que vc usa julgando pra Em Desvaneio  —  @UmRabiscoPsi",,https://gabriel20angelo-web.github.io/umrabisco-imagens/tweets/POST_004/01.jpg,https://gabriel20angelo-web.github.io/umrabisco-imagens/tweets/POST_004/02.jpg,https://gabriel20angelo-web.github.io/umrabisco-imagens/tweets/POST_004/03.jpg,https://gabriel20angelo-web.github.io/umrabisco-imagens/tweets/POST_004/04.jpg
,"Nao é sobre mudar quem vocé é, é sobre mudar de companhias quando nao encontra apoio, reciprocidade, acolhimento, valorizacao. E sobre buscar sempre fazer o seu melhor, mas saber ir em outras direcoes quando nao estao fazendo isso com vocé. Isso faz toda a d · Quanto mais voce ama suas escolhas menos vocé precisa que os outros a amem · Apessoa que nao sabese comunicar acha que tudo é uma discussao.  —  @UmRabiscoPsi",,https://gabriel20angelo-web.github.io/umrabisco-imagens/tweets/POST_005/01.jpg,https://gabriel20angelo-web.github.io/umrabisco-imagens/tweets/POST_005/02.jpg,https://gabriel20angelo-web.github.io/umrabisco-imagens/tweets/POST_005/03.jpg,https://gabriel20angelo-web.github.io/umrabisco-imagens/tweets/POST_005/04.jpg
,"Quais sao as mentiras que vocé vem contando a si mesma (o) para continuar em meio ao caos que vocé tanto se queixa? · recomecar.me reconhecertem sidoa urgencia Em Desvaneio · descobrindo que~ pra gente viver mudancas significativas na vida, a gente precisa sustentaro desconforto e a vulnerabilidade por nao ter garantias de como serao os proximos passos.é sobre arriscar e confiar no Em Desvaneio  —  @UmRabiscoPsi",,https://gabriel20angelo-web.github.io/umrabisco-imagens/tweets/POST_006/01.jpg,https://gabriel20angelo-web.github.io/umrabisco-imagens/tweets/POST_006/02.jpg,https://gabriel20angelo-web.github.io/umrabisco-imagens/tweets/POST_006/03.jpg,https://gabriel20angelo-web.github.io/umrabisco-imagens/tweets/POST_006/04.jpg
,"atencaoquedesejava.Porisso eu to cuidando daminha menteedo meu corpo, aprendendo a gostar de estarso,para nuncamais · vontade'é coisade adolescente. cabeca depois · é minha nova ofensa favorita  —  @UmRabiscoPsi",,https://gabriel20angelo-web.github.io/umrabisco-imagens/tweets/POST_007/01.jpg,https://gabriel20angelo-web.github.io/umrabisco-imagens/tweets/POST_007/02.jpg,https://gabriel20angelo-web.github.io/umrabisco-imagens/tweets/POST_007/03.jpg,https://gabriel20angelo-web.github.io/umrabisco-imagens/tweets/POST_007/04.jpg
,"Para se tornar constante é preciso entender que nem todo dia é dia de querer. Mas todo dia é dia de ir. · taina guerreira Meu eu do trabalho, meu eu fora do trabalho e eu em casa somos tres pessoas completamente diferentes. Nao somos iguais nem parecidos. · uma coisa muito importante que aprendi na terapia é que a gente nao deve ficar preso na pergunta do pq a pessoa fez aquilo com a gente. nao foi vocé, foi ela, problema dela  —  @UmRabiscoPsi",,https://gabriel20angelo-web.github.io/umrabisco-imagens/tweets/POST_008/01.jpg,https://gabriel20angelo-web.github.io/umrabisco-imagens/tweets/POST_008/02.jpg,https://gabriel20angelo-web.github.io/umrabisco-imagens/tweets/POST_008/03.jpg,https://gabriel20angelo-web.github.io/umrabisco-imagens/tweets/POST_008/04.jpg
,"q tal cuidar dessa sua cabecinha perturbada antes d querer um namoro · talvez sua jornada agora nao seja sobre encontrar umamore simmarcarumaconsulta com um · exausto de tentar ser adultinho e eu quero me jogar no chao, espernear e gritar muito  —  @UmRabiscoPsi",,https://gabriel20angelo-web.github.io/umrabisco-imagens/tweets/POST_009/01.jpg,https://gabriel20angelo-web.github.io/umrabisco-imagens/tweets/POST_009/02.jpg,https://gabriel20angelo-web.github.io/umrabisco-imagens/tweets/POST_009/03.jpg,https://gabriel20angelo-web.github.io/umrabisco-imagens/tweets/POST_009/04.jpg
,"Nao fale sobre o que vocé nao viu e nao condene o que voce nao sentiu. Cada um sabe a dor que carrega, o peso que leva e os problemas que enfrenta. Cada um tem uma historia de vida que nao deveria ser julgada por quem nao viveu e nem se quer a conhece. · Pollyana Justina Eu fui ensinada que ficar calada era o que mantinha a paz, até eu me questionar... A paz de quem, estava sendo mantida? Calar nuncaé sem custo! · A maturidade tem muita preguica envolvida: consideracao; preguica de se misturar a quem nao agrega; preguica de argumentar pra quem nao é capaz de entender. Maturidade é guardar energia para aquilo que faz a alma vibrar.  —  @UmRabiscoPsi",,https://gabriel20angelo-web.github.io/umrabisco-imagens/tweets/POST_010/01.jpg,https://gabriel20angelo-web.github.io/umrabisco-imagens/tweets/POST_010/02.jpg,https://gabriel20angelo-web.github.io/umrabisco-imagens/tweets/POST_010/03.jpg,https://gabriel20angelo-web.github.io/umrabisco-imagens/tweets/POST_010/04.jpg
,"relacoes em que eu nao podia na infancia · Nao existe cura instantanea. Toda cura exige tempo, exige esforco, exige quebra de padroes repetitivos, exige paciencia com nos mesmos, principalmente com os momentos que parece que nao estamos evoluindo. Porque toda cura é um processo. · Ha uma premissa que nao se deve ignorar: a solidao a dois é mais dificil de suportar do que a solidao sem companhia  —  @UmRabiscoPsi",,https://gabriel20angelo-web.github.io/umrabisco-imagens/tweets/POST_011/01.jpg,https://gabriel20angelo-web.github.io/umrabisco-imagens/tweets/POST_011/02.jpg,https://gabriel20angelo-web.github.io/umrabisco-imagens/tweets/POST_011/03.jpg,https://gabriel20angelo-web.github.io/umrabisco-imagens/tweets/POST_011/04.jpg
,"Sabe qual é o maior problema? esta programado pra dar errado. Enquanto um é deficiente de amar, o outro é deficiente de enxergar. So da amor quem tem! · Infelizmente nunca sabemos em que posicao estamos na vida das pessoas, as vezes pensamos ser prioridade sendo que na verdade somos a ultima opcao. A gnt precisa entender · Uma hora, do nada, vem um estalo: isso nao combina mais comigo!isso nao faz mais sentido com a minha versao atual! Aceite, é a mudanca de ciclo dando boas vindas!  —  @UmRabiscoPsi",,https://gabriel20angelo-web.github.io/umrabisco-imagens/tweets/POST_012/01.jpg,https://gabriel20angelo-web.github.io/umrabisco-imagens/tweets/POST_012/02.jpg,https://gabriel20angelo-web.github.io/umrabisco-imagens/tweets/POST_012/03.jpg,https://gabriel20angelo-web.github.io/umrabisco-imagens/tweets/POST_012/04.jpg
,"Minha nova personalidadeé deixar as pessoas viverem em achismos em relacao a mim porque nao abro mais a boca pra falar sobre minha vida pra qualquer pessoa · Tem uma frase que diz mais ou menos assim: Se uma pessoa sabe onde te encontrar, mas nao te procura, entenda o recado: nao ha interesse em te achar. · Se o outro naoesta tao afim quanto vocé, eviteo desgaste deenergia, imagem,tempo,paciencia. Nao insista.Quandoo outroquer,vocé percebe, fica nitido. Quando o outro nao quer, fica mais  —  @UmRabiscoPsi",,https://gabriel20angelo-web.github.io/umrabisco-imagens/tweets/POST_013/01.jpg,https://gabriel20angelo-web.github.io/umrabisco-imagens/tweets/POST_013/02.jpg,https://gabriel20angelo-web.github.io/umrabisco-imagens/tweets/POST_013/03.jpg,https://gabriel20angelo-web.github.io/umrabisco-imagens/tweets/POST_013/04.jpg
,"Ninguem consegue manipular aquele que nao tem medo da solidao. · To apaixonado por esta frase: 'Quanto mais tempo vocé fica no trem errado, mais caro fica voltar para casa. · como pode a vida tao linda e tao caotica tao incrivele tao desesperadora tudoao mesmo  —  @UmRabiscoPsi",,https://gabriel20angelo-web.github.io/umrabisco-imagens/tweets/POST_014/01.jpg,https://gabriel20angelo-web.github.io/umrabisco-imagens/tweets/POST_014/02.jpg,https://gabriel20angelo-web.github.io/umrabisco-imagens/tweets/POST_014/03.jpg,https://gabriel20angelo-web.github.io/umrabisco-imagens/tweets/POST_014/04.jpg
,"Longedosperigos noturnosepertinho dos perigos da minha mente traicoeira · Gente, preste bem atencao na forma como as pessoas te tratam, isso é bem mais importante do que aquilo que voce sente por elas. · se quiser ser algo pra mim seja a calmaria ja me cansei de tempestades. Em Desvaneio  —  @UmRabiscoPsi",,https://gabriel20angelo-web.github.io/umrabisco-imagens/tweets/POST_015/01.jpg,https://gabriel20angelo-web.github.io/umrabisco-imagens/tweets/POST_015/02.jpg,https://gabriel20angelo-web.github.io/umrabisco-imagens/tweets/POST_015/03.jpg,https://gabriel20angelo-web.github.io/umrabisco-imagens/tweets/POST_015/04.jpg
,"Maturidade é uma coisa boa, ne?! A gente se decepciona com as pessoas, mas nao se estressa, nao briga, nao discuti, vocé so se afasta e muda a consciencia das coisas e fica tudo bem. · fugindo de qualquer pessoa que tenta me conhecer pois nao tenho saude mental pra conhecer mais ninguém · Luke, Advogado da Pinkpant... Gente, pra ter amizades e até pra namorar, a gente tem que aceitar que todo mundo na Terra vai ter algum traco que te irrita, e que ta tudo bem. Quando a gente se relaciona a gente precisa estar disposto a lidar com o que a gente também nao go  —  @UmRabiscoPsi",,https://gabriel20angelo-web.github.io/umrabisco-imagens/tweets/POST_016/01.jpg,https://gabriel20angelo-web.github.io/umrabisco-imagens/tweets/POST_016/02.jpg,https://gabriel20angelo-web.github.io/umrabisco-imagens/tweets/POST_016/03.jpg,https://gabriel20angelo-web.github.io/umrabisco-imagens/tweets/POST_016/04.jpg
,"Agentemerece alguém que, no fim do dia, admita:“'hoje eu senti a sua falta.' · Nao negocieinteresse. Se vocé naoforescolhida, escolha sair. Em Desvaneio · forem necessarias, so naofiquepreso em algo que ja naofaz sentido pra voce.Ponto! Em Desvaneio  —  @UmRabiscoPsi",,https://gabriel20angelo-web.github.io/umrabisco-imagens/tweets/POST_017/01.jpg,https://gabriel20angelo-web.github.io/umrabisco-imagens/tweets/POST_017/02.jpg,https://gabriel20angelo-web.github.io/umrabisco-imagens/tweets/POST_017/03.jpg,https://gabriel20angelo-web.github.io/umrabisco-imagens/tweets/POST_017/04.jpg
,"Se apaixonar pela vida de novo, mesmo depois que ela desmoronou, nao é sorte. E Em Desvaneio · As vezes eu to vivendo de boa e lembro que Freud tem muita razao quando diz que nao existe acaso, a gente jamais se identifica com alguém por acaso, jamais, nunca, nao Em Desvaneio · a gente passa uma vida inteira tentando separar Em Desvaneio  —  @UmRabiscoPsi",,https://gabriel20angelo-web.github.io/umrabisco-imagens/tweets/POST_018/01.jpg,https://gabriel20angelo-web.github.io/umrabisco-imagens/tweets/POST_018/02.jpg,https://gabriel20angelo-web.github.io/umrabisco-imagens/tweets/POST_018/03.jpg,https://gabriel20angelo-web.github.io/umrabisco-imagens/tweets/POST_018/04.jpg
,"Durantea sessaoopacientedisse: Navida nao temos garantias, somente apostas. vivenciar coisas boas enquanto tenta evitar queas ruins acontecam.Viver é arriscar afetos! · eu queria saber como esse povo arruma o amor da vida 30 vezes Em Desvaneio · minha parte favorita de viajar é o momento em que vocé percebe que a vida é muito mais que a bolha em que voce esta Em Desvaneio  —  @UmRabiscoPsi",,https://gabriel20angelo-web.github.io/umrabisco-imagens/tweets/POST_019/01.jpg,https://gabriel20angelo-web.github.io/umrabisco-imagens/tweets/POST_019/02.jpg,https://gabriel20angelo-web.github.io/umrabisco-imagens/tweets/POST_019/03.jpg,https://gabriel20angelo-web.github.io/umrabisco-imagens/tweets/POST_019/04.jpg
,"Antes de discutir com alguém pergunte a si mesmo: essa pessoa é mentalmente madura o suficiente para entender o conceito de uma perspectiva diferente?! Porque se nao, nao ha absolutamente nenhum sentido. · Hoje vi uma frase que fez muito sentido: “'nos nao mudamos de uma hora para outra, nos mudamos por repeticao.' E basicamente insistir o suficiente para que o seu ceérebro queira fazer aquilo que antes nao era feito. · O perigo da solitude é que ela vicia. Voce aprende a gostar da propria companhia, da paz, do siléncio e da liberdadede nao precisar se explicar. Depois disso, qualquer presenca que traga mais desgaste do que tranquilidade simplesmente deixa de fazer sentido.  —  @UmRabiscoPsi",,https://gabriel20angelo-web.github.io/umrabisco-imagens/tweets/POST_020/01.jpg,https://gabriel20angelo-web.github.io/umrabisco-imagens/tweets/POST_020/02.jpg,https://gabriel20angelo-web.github.io/umrabisco-imagens/tweets/POST_020/03.jpg,https://gabriel20angelo-web.github.io/umrabisco-imagens/tweets/POST_020/04.jpg
,"“voce sempre aceita tao pouco.' Na hora ela falava da comida. Depois percebi que talvez nao fosse so · Nao importa se nao ha vinculo familiar, os filhos das minhas amigas sao meus sobrinhos e pronto. · Com o tempo a gente aprende que bondade e blush tem que ser na medida certa, se nao a gente acaba virando palhaca Em Desvaneio  —  @UmRabiscoPsi",,https://gabriel20angelo-web.github.io/umrabisco-imagens/tweets/POST_021/01.jpg,https://gabriel20angelo-web.github.io/umrabisco-imagens/tweets/POST_021/02.jpg,https://gabriel20angelo-web.github.io/umrabisco-imagens/tweets/POST_021/03.jpg,https://gabriel20angelo-web.github.io/umrabisco-imagens/tweets/POST_021/04.jpg
,"'voce e tao madura pra sua idade' obrigada é trauma · muito bom ser chata, impor limites e nao tolerar desrespeito de ninguem, a gente vive mais empaz · Barbara Cavalcanti ll psicologa Ta sentindo falta? Falta de que? Das migalhas? Do minimo? Da confusao? Da instabilidade? Da incoeréncia? Da sua necessidade em precisar cobrar? Querida, o cenario era um caos, ta com saudade de que?  —  @UmRabiscoPsi",,https://gabriel20angelo-web.github.io/umrabisco-imagens/tweets/POST_022/01.jpg,https://gabriel20angelo-web.github.io/umrabisco-imagens/tweets/POST_022/02.jpg,https://gabriel20angelo-web.github.io/umrabisco-imagens/tweets/POST_022/03.jpg,https://gabriel20angelo-web.github.io/umrabisco-imagens/tweets/POST_022/04.jpg
,"“'Mas eu como bem, treino, faco terapia e cuido da saude.' Maravilhoso! Mas... nao dorme bem? Vocé tambeém pode pifar · Hmmm, hora de sumir para me autorregular. Em Desvaneio · nos mulheres meio intensas, meio calmas, meio frias, mas bem quentes, meio grudentas, meio sai da minha frente, meio faladeiras, meio nao fala comigo, meio desapegadas, meio sensiveis... Nos mulheres um pouco de tudo.  —  @UmRabiscoPsi",,https://gabriel20angelo-web.github.io/umrabisco-imagens/tweets/POST_023/01.jpg,https://gabriel20angelo-web.github.io/umrabisco-imagens/tweets/POST_023/02.jpg,https://gabriel20angelo-web.github.io/umrabisco-imagens/tweets/POST_023/03.jpg,https://gabriel20angelo-web.github.io/umrabisco-imagens/tweets/POST_023/04.jpg
,"Lidar com o afastamento de alguém é como uma fase de luto. Vocé queria a pessoa ali, contar alguma bobeira pra ela, rir de algo, dar uma noticia, mas ela se recusa a estar ali. E vocé simplesmente se acostuma ate nunca mais · Nao adianta acordar 4h da manha para rezar/ orar epassaroresto do dia de olhosfechados para as proprias atitudes que fazem de vocé uma Em Desvaneio · Mesmo com a correria, nao se abandone. Porque cuidar da saude nao é fazer tudo perfeitamente. Um passo de cada vez ainda é um caminho.  —  @UmRabiscoPsi",,https://gabriel20angelo-web.github.io/umrabisco-imagens/tweets/POST_024/01.jpg,https://gabriel20angelo-web.github.io/umrabisco-imagens/tweets/POST_024/02.jpg,https://gabriel20angelo-web.github.io/umrabisco-imagens/tweets/POST_024/03.jpg,https://gabriel20angelo-web.github.io/umrabisco-imagens/tweets/POST_024/04.jpg
,"Quando nao puder controlar o que esta acontecendo, dedique-se a controlar como esta reagindo. So te afeta o que voce permite. Em Desvaneio · Pollyana Justina As coisas mudam quando vocé entende que a vida nao é so estar em relacionamentos amorosos. E buscar o equilibrio, é cuidar de vocé de uma forma que NINGUEM sera capaz de cuidar, é se importar com a sua saude fisica, estabilidade financeira e principalm · Ficar sozinho por um tempo é viciante e perigoso, depois que vocé ve o quao calmo isso é, vocée nao tem mais paciencia pra lidar com  —  @UmRabiscoPsi",,https://gabriel20angelo-web.github.io/umrabisco-imagens/tweets/POST_025/01.jpg,https://gabriel20angelo-web.github.io/umrabisco-imagens/tweets/POST_025/02.jpg,https://gabriel20angelo-web.github.io/umrabisco-imagens/tweets/POST_025/03.jpg,https://gabriel20angelo-web.github.io/umrabisco-imagens/tweets/POST_025/04.jpg
,"'a genteétao parecido'pois marque um psiquiatra · A vida melhora bastante quando vocé permite que te percam, ao inves de ficar esperandoquete escolham · NESSA IDADE EU JA NAO SINTO MAIS BORBOLETAS NO ESTOMAGO, SO GASTRITE Em Desvaneio  —  @UmRabiscoPsi",,https://gabriel20angelo-web.github.io/umrabisco-imagens/tweets/POST_026/01.jpg,https://gabriel20angelo-web.github.io/umrabisco-imagens/tweets/POST_026/02.jpg,https://gabriel20angelo-web.github.io/umrabisco-imagens/tweets/POST_026/03.jpg,https://gabriel20angelo-web.github.io/umrabisco-imagens/tweets/POST_026/04.jpg
,retribuir indiferenca e desinteresse é tao importante quanto retribuir amor e atencao Leia novamente! · Estar junto so vale a pena sefor melhor que estar · qual o preco que vocé paga por ter sido a filha que nunca deu trabalho?  —  @UmRabiscoPsi,,https://gabriel20angelo-web.github.io/umrabisco-imagens/tweets/POST_027/01.jpg,https://gabriel20angelo-web.github.io/umrabisco-imagens/tweets/POST_027/02.jpg,https://gabriel20angelo-web.github.io/umrabisco-imagens/tweets/POST_027/03.jpg,https://gabriel20angelo-web.github.io/umrabisco-imagens/tweets/POST_027/04.jpg
,"se a pessoa 'melhora' por um periodo de tempo e depois volta a te maltratar, te ferir, te humilhar... entao essa 'mudanca' foi apenas uma MANIPULACAO pra te puxar de volta para · O sim é muito claro. Nao precisa de reza, tarot adivinhacao. Ao menor sinal de desinteresse, abra um vinho e se convide a ir embora. Em Desvaneio · Depois dos 30, voce nao tem medo de ficar sozinho. Vocetemmedodeescolhererrado denovo.  —  @UmRabiscoPsi",,https://gabriel20angelo-web.github.io/umrabisco-imagens/tweets/POST_028/01.jpg,https://gabriel20angelo-web.github.io/umrabisco-imagens/tweets/POST_028/02.jpg,https://gabriel20angelo-web.github.io/umrabisco-imagens/tweets/POST_028/03.jpg,https://gabriel20angelo-web.github.io/umrabisco-imagens/tweets/POST_028/04.jpg
,"Vocé nao atrai, vocé aceita.Aceita por ser familiar, por ser conveniente ou por achar que é so isso o que merece (ou consegue). · corrida,amomentosdiferentesdoque antes qualquer lugarélugar,o direct ta sempre cheio de assunto. A presenca as vezes é “de longe' mas nuncafalta intimidade e a velhae boa · nao conseguir o que vocé quer também te direciona para onde voce precisa estar. Eu sei que é dificil aceitar a mudanca de rota, aceitar novos caminhos, ciclos fechando.. mas nem tudo que a gente quer é o que a gente precisa. Tem coisas que a gente so va  —  @UmRabiscoPsi",,https://gabriel20angelo-web.github.io/umrabisco-imagens/tweets/POST_029/01.jpg,https://gabriel20angelo-web.github.io/umrabisco-imagens/tweets/POST_029/02.jpg,https://gabriel20angelo-web.github.io/umrabisco-imagens/tweets/POST_029/03.jpg,https://gabriel20angelo-web.github.io/umrabisco-imagens/tweets/POST_029/04.jpg
,"Pollyana Justina Eu espero que do fundo do meu coracao, que um dia vocé possa entender: NAO tem como a pessoa que destroi a sua saude mental ser o amor da sua · Um dos piores planos que podemos fazer é condicionar a nossa felicidade ao futuro. ganhar mais/ me formar...ai eu vou ser feliz' Pq essa felicidade nunca chega.Vocé ja alcancou outros objetivos antes pra ta onde ta agora.Felicidade é p · Pq antes a gente nao fazia terapia on-line??? Muito bom poder sair da sessao e chorar na cama que é lugar quente  —  @UmRabiscoPsi",,https://gabriel20angelo-web.github.io/umrabisco-imagens/tweets/POST_030/01.jpg,https://gabriel20angelo-web.github.io/umrabisco-imagens/tweets/POST_030/02.jpg,https://gabriel20angelo-web.github.io/umrabisco-imagens/tweets/POST_030/03.jpg,https://gabriel20angelo-web.github.io/umrabisco-imagens/tweets/POST_030/04.jpg
,"Dica pra vida: Antes de casar, conversem sobre pagamento das contas, dividas, sonhos, projecoes futuras, trabalho, religiao, educacao dos filhos, traumas, expectativas financeiras e pessoais, historico de saude familiar, opinioes politicas e tudo mais. · aprender a se blindar das coisas.passem reto, nao principalmente, escolham como que e com quem · Tive um psiquiatra ha muitos anos que falava: vc nao pode impedir que urubus voem em cima da sua cabeca. Mas pode impedir que pousem. Nunca esqueci desse Em Desvaneio  —  @UmRabiscoPsi",,https://gabriel20angelo-web.github.io/umrabisco-imagens/tweets/POST_031/01.jpg,https://gabriel20angelo-web.github.io/umrabisco-imagens/tweets/POST_031/02.jpg,https://gabriel20angelo-web.github.io/umrabisco-imagens/tweets/POST_031/03.jpg,https://gabriel20angelo-web.github.io/umrabisco-imagens/tweets/POST_031/04.jpg
,"Ha dias em que vocé quer conquistar o mundo. E ha dias em que so precisa de siléncio. · Nao corraatras das borboletas,cuide do seu jardime elas viraoatevoce. · meu corpo nesse fim de semana: “compra um doce gigante, deita e desaparece por 48 horas.'  —  @UmRabiscoPsi",,https://gabriel20angelo-web.github.io/umrabisco-imagens/tweets/POST_032/01.jpg,https://gabriel20angelo-web.github.io/umrabisco-imagens/tweets/POST_032/02.jpg,https://gabriel20angelo-web.github.io/umrabisco-imagens/tweets/POST_032/03.jpg,https://gabriel20angelo-web.github.io/umrabisco-imagens/tweets/POST_032/04.jpg
,"Saia e viva. Faca isso triste, faca isso ansioso, faca isso desanimado. Nao deixe suas emocoes impedirem voce de viver. As vezes, sao as novas experiencias que vao te curar.. · perdoando pessoas so pela preguica de reencarnar e resolver · mais a pessoa é honesta sobre os seus sentimentos, mais bonitaelame atrai naalma.é assim que nao  —  @UmRabiscoPsi",,https://gabriel20angelo-web.github.io/umrabisco-imagens/tweets/POST_033/01.jpg,https://gabriel20angelo-web.github.io/umrabisco-imagens/tweets/POST_033/02.jpg,https://gabriel20angelo-web.github.io/umrabisco-imagens/tweets/POST_033/03.jpg,https://gabriel20angelo-web.github.io/umrabisco-imagens/tweets/POST_033/04.jpg
,"Existem pessoas que, em minutos de conversa, perdem toda a beleza.Eha pessoas que, quanto mais conhecemos, mais belas se tornam. A simpatia é atraente.A humildade é sexy.A inteligencia · A maior licao que aprendi esse ano é que as vezes vocé precisa parar de ver o lado bom das pessoas e comecar a ver o que elas realmente estao mostrando. · Pollyana Justina acho que no fim de tudo isso o que torna nossa vida minimamente agradavel é encontrar pessoas que também sao lugares de amor. que trazem leveza e de fato causam a sensacao de descansar em um lugar seguro. lugar esse que voce nao precisa se diminuir de  —  @UmRabiscoPsi",,https://gabriel20angelo-web.github.io/umrabisco-imagens/tweets/POST_034/01.jpg,https://gabriel20angelo-web.github.io/umrabisco-imagens/tweets/POST_034/02.jpg,https://gabriel20angelo-web.github.io/umrabisco-imagens/tweets/POST_034/03.jpg,https://gabriel20angelo-web.github.io/umrabisco-imagens/tweets/POST_034/04.jpg
,"A gente nunca sabe se o amanha vai chegar pra nos ou pras pessoas que a gente ama. Por isso, ainda hoje, se importe, se declare, diga que sua vida é mais bonita por ter alguem ao seu lado Quem inventou que a frieza é boa, esqueceu a delicia de um abraco · o alivio ao pensar 'que bom que tal coisa deu errado' pq o lugar que eu to agora é melhor. nada como confiar no poder do tempo de ajeitar algumas coisas na nossa vida. · Todo mundo conhece um ser que tira a gente do sério e, quando vocé se altera, ele diz que voce é louco. Essas pessoas se espalham pelo trabalho, pelas casas, ruas, por todo lugar. A municao delas é o seu destempero.Nao entre no jogo delas, nao  —  @UmRabiscoPsi",,https://gabriel20angelo-web.github.io/umrabisco-imagens/tweets/POST_035/01.jpg,https://gabriel20angelo-web.github.io/umrabisco-imagens/tweets/POST_035/02.jpg,https://gabriel20angelo-web.github.io/umrabisco-imagens/tweets/POST_035/03.jpg,https://gabriel20angelo-web.github.io/umrabisco-imagens/tweets/POST_035/04.jpg
,"'O homem moderno acha que perde alguma coisa - tempo - quando nao faz as coisas rapidamente; no entanto, nao sabe o que fazer com o tempo que ganha, a nao ser · A maior revelacao da vida adulta é que nao existe 'pessoa madura'. No fundo, todo mundo é uma crianca perdida na vida, tateando por uma resposta. Mas talvez seja esse o ponto da maturidade: se ninguém é 'adulto', entao nao preciso levar ninguém, nem eu m · a parte bonita de amar alguém é poder observa- la existindo no mundo. voce olha pra ela e pensa: puts! que privilegio compartilhar minha existencia com essa delicia de pessoa.  —  @UmRabiscoPsi",,https://gabriel20angelo-web.github.io/umrabisco-imagens/tweets/POST_036/01.jpg,https://gabriel20angelo-web.github.io/umrabisco-imagens/tweets/POST_036/02.jpg,https://gabriel20angelo-web.github.io/umrabisco-imagens/tweets/POST_036/03.jpg,https://gabriel20angelo-web.github.io/umrabisco-imagens/tweets/POST_036/04.jpg
,Que a pressa de conquistar nao te tire o brilho do · Ensine-se a nao anunciar boas noticias até que tudo esteja confirmado. Em Desvaneio · A audacia de ter inveja das bencaos de alguém quando voce sequer sobreviveria as batalhas que essa pessoa enfrentou é um nivel completamente diferente de delirio. Em Desvaneio  —  @UmRabiscoPsi,,https://gabriel20angelo-web.github.io/umrabisco-imagens/tweets/POST_037/01.jpg,https://gabriel20angelo-web.github.io/umrabisco-imagens/tweets/POST_037/02.jpg,https://gabriel20angelo-web.github.io/umrabisco-imagens/tweets/POST_037/03.jpg,https://gabriel20angelo-web.github.io/umrabisco-imagens/tweets/POST_037/04.jpg
,"Nao importa o quao atrativo é o potencial de uma pessoa, voce precisa namorar a realidade · Para cada lugar que nos despedimos tem outro fazendo festa para nos receber. · Pollyana Justina Quando voce nao se sente bem em n lugar onde antes vocé e se sentia confortavel, é porque esse ciclo ja E isso é muito real. Chega a ser assustadora a forma como a gente sente que nao da mais. Serve para amizades, trabalho, relaci  —  @UmRabiscoPsi",,https://gabriel20angelo-web.github.io/umrabisco-imagens/tweets/POST_038/01.jpg,https://gabriel20angelo-web.github.io/umrabisco-imagens/tweets/POST_038/02.jpg,https://gabriel20angelo-web.github.io/umrabisco-imagens/tweets/POST_038/03.jpg,https://gabriel20angelo-web.github.io/umrabisco-imagens/tweets/POST_038/04.jpg
,"metade dos seus problemas existem porque vocé diz “sim' rapido demais e “nao' devagar demais. Em Desvaneio · Ha uma pequena elegancia em nao interromper exagera num detalhe, perde a ordemda historia, masestaali,inteira,tentando dividircomvocé um pedaco de alegria antes que om · se apaixonar por ficante eu entendo agora fazer playlist pro ficante eu tambem entendo mas inventarde falar te amo pro ficante ai eu entendo Em Desvaneio  —  @UmRabiscoPsi",,https://gabriel20angelo-web.github.io/umrabisco-imagens/tweets/POST_039/01.jpg,https://gabriel20angelo-web.github.io/umrabisco-imagens/tweets/POST_039/02.jpg,https://gabriel20angelo-web.github.io/umrabisco-imagens/tweets/POST_039/03.jpg,https://gabriel20angelo-web.github.io/umrabisco-imagens/tweets/POST_039/04.jpg
,"O desconforto é um convite ao recomeco. · acho fofo quando alguem me manda uma mensagem, apos ter estado comigo so pra dizer que se divertiu e que gostou da minha companhia essas pequenas atitudes significam · Tudo bem mudar os planos. Talvez eles ja nao facam mais sentido para quem nos tornamos hoje gente muda porque errou, as vezes, a gente muda porque evoluiu.  —  @UmRabiscoPsi",,https://gabriel20angelo-web.github.io/umrabisco-imagens/tweets/POST_040/01.jpg,https://gabriel20angelo-web.github.io/umrabisco-imagens/tweets/POST_040/02.jpg,https://gabriel20angelo-web.github.io/umrabisco-imagens/tweets/POST_040/03.jpg,https://gabriel20angelo-web.github.io/umrabisco-imagens/tweets/POST_040/04.jpg
,"parem de normalizar essa cultura da desimportancia. essa geracao criou uma suposta superioridade em parecerfria, mas no fundo é so covardia de encarar a propria vulnerabilidade.fingir q n se importa n te faz superior a ngm, so te faz umapessoarasaqtem medode sentir Em D · Se te faz feliz, mantenha em segredo. · Primeiro a gente oferece respeito e paciencia.. Depois aprende a agir conforme recebemos. Porque reciprocidade é tudo  —  @UmRabiscoPsi",,https://gabriel20angelo-web.github.io/umrabisco-imagens/tweets/POST_041/01.jpg,https://gabriel20angelo-web.github.io/umrabisco-imagens/tweets/POST_041/02.jpg,https://gabriel20angelo-web.github.io/umrabisco-imagens/tweets/POST_041/03.jpg,https://gabriel20angelo-web.github.io/umrabisco-imagens/tweets/POST_041/04.jpg
,"Pollyana Justina Eu desejo que alguém possa te enxergar como vocé realmente é. E que ao te conhecer, volte pra casa transbordando e pensando: que pessoa foda de ter na minha vida'. porque vc éalguemINCRIVELpracaralhooemerece SiM ser o' eu tive uma baita sorte de te · seja uma pessoa interessante. estude, trabalhe, seja independente. saiba conversar, tenha boas acoes, saiba o valor das pequenas coisas. respeite o proximo. a beleza so importa nos primeiros 15 minutos depois voce tem que ter algo a mais para oferecer. · A gente pode flexibilizar muita coisa, mas carater, honestidade e compromisso sao valores inegociaveis. Nem tudo é perecivel, descartavel. Quando a gente se valoriza e reconhece a propria importancia, nao abre mao do que é basico. A imensidao nao foi fe  —  @UmRabiscoPsi",,https://gabriel20angelo-web.github.io/umrabisco-imagens/tweets/POST_042/01.jpg,https://gabriel20angelo-web.github.io/umrabisco-imagens/tweets/POST_042/02.jpg,https://gabriel20angelo-web.github.io/umrabisco-imagens/tweets/POST_042/03.jpg,https://gabriel20angelo-web.github.io/umrabisco-imagens/tweets/POST_042/04.jpg
,"Tudo pode ser um sinal para quem esta buscando por um. · nao ficar tentando temperar o que nao pega gosto · Aceite, perdoe e transforme em licao Encontre paz nas memorias! Esquecer é impossivel, nem tente. A gnt veio pra aprender e NADA acontece por acaso ou sem proposito. Levanta a cabeca olha pra frente e direcione o barco. Ha muita  —  @UmRabiscoPsi",,https://gabriel20angelo-web.github.io/umrabisco-imagens/tweets/POST_043/01.jpg,https://gabriel20angelo-web.github.io/umrabisco-imagens/tweets/POST_043/02.jpg,https://gabriel20angelo-web.github.io/umrabisco-imagens/tweets/POST_043/03.jpg,https://gabriel20angelo-web.github.io/umrabisco-imagens/tweets/POST_043/04.jpg
,"nao existe o relacionamento ideal, nem o emprego ideal, e muito menos a vida ideal. existe voce.analisando, mudando, absorvendo e sentindo as experiencias de forma real. saber a hora de sair, de ficar, de mudar o seu comportamento, o seu ponto de vista · Gente, entenda que alguns privilegios passam despercebidos, mas valem ouro: morar perto do trabalho e da academia, ter vizinhos tranquilos, ser acolhido por outra familia, paz em casa, café sem pressa, consciencia leve e risadas com quem te entende. Em Desvaneio · que vocé saiba esperar calmamente o que vocé merece, porque voce merece coisas incriveis, e o incrivel geralmente leva tempo pra acontecer, mas quando acontece é caprichado.  —  @UmRabiscoPsi",,https://gabriel20angelo-web.github.io/umrabisco-imagens/tweets/POST_044/01.jpg,https://gabriel20angelo-web.github.io/umrabisco-imagens/tweets/POST_044/02.jpg,https://gabriel20angelo-web.github.io/umrabisco-imagens/tweets/POST_044/03.jpg,https://gabriel20angelo-web.github.io/umrabisco-imagens/tweets/POST_044/04.jpg
,"Hoje eu li uma frase que dizia: “Tem pessoas que a gente ainda ama, mas ja nao gosta E, de algum jeito, isso é assustadoramente Em Desvaneio · Tapado dia: Voceéotipo demulherqueo destinonaorepete. Quem perde,nao acha igual. · NAO force as vibracoes.Va para onde a sua energia é amada, bem-vinda e respeitada. Invista em pessoas que fazem voce se sentir em casa. Até pq o lar nao é um lugar, mas uma frequencia.  —  @UmRabiscoPsi",,https://gabriel20angelo-web.github.io/umrabisco-imagens/tweets/POST_045/01.jpg,https://gabriel20angelo-web.github.io/umrabisco-imagens/tweets/POST_045/02.jpg,https://gabriel20angelo-web.github.io/umrabisco-imagens/tweets/POST_045/03.jpg,https://gabriel20angelo-web.github.io/umrabisco-imagens/tweets/POST_045/04.jpg
